arrival,Stain,distin,departure,Staout,distout,time
Sta30,3号线,Dist6,Sta67,3号线,Dist6,2
Sta89,1号线,Dist3,Sta64,1号线,Dist3,2
Sta126,3号线,Dist1,Sta29,3号线,Dist8,2
Sta115,11号线,Dist5,Sta162,11号线,Dist5,3
Sta22,3号线,Dist6,Sta138,3号线,Dist6,3
Sta44,3号线,Dist5,Sta158,3号线,Dist5,3
Sta148,12号线,Dist2,Sta73,12号线,Dist2,3
Sta154,1号线,Dist3,Sta107,1号线,Dist2,3
Sta114,10号线,Dist5,Sta168,10号线,Dist5,3
Sta42,3号线,Dist5,Sta35,3号线,Dist5,3
Sta87,10号线,Dist8,Sta88,10号线,Dist5,3
Sta123,2号线,Dist2,Sta127,2号线,Dist2,3
Sta80,1号线,Dist3,Sta89,1号线,Dist3,3
Sta65,1号线,Dist3,Sta49,1号线,Dist3,3
Sta63,11号线,Dist1,Sta3,11号线,Dist6,3
Sta125,3号线,Dist5,Sta121,3号线,Dist5,3
Sta81,2号线,Dist2,Sta127,2号线,Dist2,3
Sta20,11号线,Dist5,Sta23,11号线,Dist5,3
Sta28,11号线,Dist10,Sta124,11号线,Dist10,3
Sta47,2号线,Dist1,Sta123,2号线,Dist2,3
Sta83,1号线,Dist2,Sta107,1号线,Dist2,3
Sta40,3号线,Dist5,Sta131,3号线,Dist5,3
Sta129,2号线,Dist1,Sta9,2号线,Dist1,3
Sta100,3号线,Dist5,Sta39,3号线,Dist5,3
Sta31,12号线,Dist8,Sta17,12号线,Dist8,3
Sta22,3号线,Dist6,Sta133,3号线,Dist6,3
Sta108,1号线,Dist1,Sta83,1号线,Dist2,3
Sta113,3号线,Dist5,Sta141,3号线,Dist5,3
Sta37,5号线,Dist5,Sta16,5号线,Dist5,3
Sta50,3号线,Dist7,Sta61,3号线,Dist7,3
Sta27,2号线,Dist2,Sta81,2号线,Dist2,3
Sta130,11号线,Dist6,Sta120,11号线,Dist6,3
Sta60,12号线,Dist2,Sta148,12号线,Dist2,3
Sta23,11号线,Dist5,Sta56,11号线,Dist5,3
Sta46,11号线,Dist8,Sta63,11号线,Dist1,3
Sta39,3号线,Dist5,Sta131,3号线,Dist5,3
Sta163,2号线,Dist1,Sta9,2号线,Dist1,3
Sta70,11号线,Dist5,Sta55,11号线,Dist5,3
Sta80,1号线,Dist3,Sta97,1号线,Dist3,3
Sta117,3号线,Dist5,Sta44,3号线,Dist5,3
Sta34,1号线,Dist3,Sta106,1号线,Dist3,3
Sta78,2号线,Dist1,Sta53,2号线,Dist1,3
Sta90,12号线,Dist5,Sta26,12号线,Dist5,3
Sta144,3号线,Dist6,Sta67,3号线,Dist6,3
Sta99,11号线,Dist10,Sta166,11号线,Dist10,3
Sta68,2号线,Dist4,Sta52,2号线,Dist4,3
Sta18,2号线,Dist1,Sta79,2号线,Dist1,3
Sta146,11号线,Dist6,Sta130,11号线,Dist6,3
Sta27,2号线,Dist2,Sta48,2号线,Dist2,3
Sta64,1号线,Dist3,Sta150,1号线,Dist3,3
Sta86,11号线,Dist8,Sta46,11号线,Dist8,3
Sta52,2号线,Dist4,Sta76,2号线,Dist4,3
Sta53,2号线,Dist1,Sta163,2号线,Dist1,3
Sta160,10号线,Dist5,Sta94,10号线,Dist5,4
Sta99,11号线,Dist10,Sta124,11号线,Dist10,4
Sta20,11号线,Dist5,Sta55,11号线,Dist5,4
Sta138,3号线,Dist6,Sta41,3号线,Dist6,4
Sta132,5号线,Dist5,Sta37,5号线,Dist5,4
Sta16,5号线,Dist5,Sta69,5号线,Dist5,4
Sta158,3号线,Dist5,Sta142,3号线,Dist5,4
Sta61,3号线,Dist7,Sta156,3号线,Dist7,4
Sta53,2号线,Dist1,Sta9,2号线,Dist1,4
Sta135,10号线,Dist5,Sta134,10号线,Dist5,4
Sta106,1号线,Dist3,Sta110,1号线,Dist3,4
Sta97,1号线,Dist3,Sta110,1号线,Dist3,4
Sta100,3号线,Dist5,Sta131,3号线,Dist5,4
Sta49,1号线,Dist3,Sta149,1号线,Dist3,4
Sta134,10号线,Dist5,Sta85,10号线,Dist5,4
Sta30,3号线,Dist6,Sta41,3号线,Dist6,4
Sta108,1号线,Dist1,Sta107,1号线,Dist2,4
Sta13,11号线,Dist5,Sta70,11号线,Dist5,4
Sta121,3号线,Dist5,Sta11,3号线,Dist5,4
Sta118,11号线,Dist5,Sta115,11号线,Dist5,4
Sta111,11号线,Dist5,Sta140,11号线,Dist5,4
Sta146,11号线,Dist6,Sta25,11号线,Dist6,4
Sta94,10号线,Dist5,Sta87,10号线,Dist8,4
Sta15,11号线,Dist8,Sta86,11号线,Dist8,4
Sta96,5号线,Dist5,Sta132,5号线,Dist5,4
Sta56,11号线,Dist5,Sta118,11号线,Dist5,4
Sta93,12号线,Dist6,Sta72,12号线,Dist6,4
Sta35,3号线,Dist5,Sta109,3号线,Dist5,4
Sta47,2号线,Dist1,Sta18,2号线,Dist1,4
Sta141,3号线,Dist5,Sta142,3号线,Dist5,4
Sta137,12号线,Dist3,Sta101,12号线,Dist8,4
Sta167,3号线,Dist5,Sta100,3号线,Dist5,4
Sta113,3号线,Dist5,Sta167,3号线,Dist5,4
Sta74,1号线,Dist3,Sta128,1号线,Dist3,4
Sta122,11号线,Dist10,Sta77,11号线,Dist10,4
Sta151,2号线,Dist2,Sta48,2号线,Dist2,4
Sta153,3号线,Dist5,Sta112,3号线,Dist5,4
Sta33,3号线,Dist5,Sta112,3号线,Dist5,4
Sta149,1号线,Dist3,Sta74,1号线,Dist3,4
Sta76,2号线,Dist4,Sta57,2号线,Dist4,4
Sta161,3号线,Dist7,Sta21,3号线,Dist7,4
Sta7,10号线,Dist5,Sta160,10号线,Dist5,4
Sta143,3号线,Dist7,Sta156,3号线,Dist7,4
Sta161,3号线,Dist7,Sta12,3号线,Dist7,4
Sta119,3号线,Dist7,Sta50,3号线,Dist7,4
Sta91,12号线,Dist6,Sta32,12号线,Dist6,4
Sta117,3号线,Dist5,Sta147,3号线,Dist5,4
Sta111,11号线,Dist5,Sta82,11号线,Dist5,4
Sta10,5号线,Dist5,Sta96,5号线,Dist5,4
Sta66,3号线,Dist7,Sta12,3号线,Dist7,4
Sta150,1号线,Dist3,Sta154,1号线,Dist3,4
Sta21,3号线,Dist7,Sta133,3号线,Dist6,4
Sta87,10号线,Dist8,Sta160,10号线,Dist5,5
Sta78,2号线,Dist1,Sta79,2号线,Dist1,5
Sta56,11号线,Dist5,Sta20,11号线,Dist5,5
Sta144,3号线,Dist6,Sta30,3号线,Dist6,5
Sta89,1号线,Dist3,Sta97,1号线,Dist3,5
Sta123,2号线,Dist2,Sta81,2号线,Dist2,5
Sta101,12号线,Dist8,Sta31,12号线,Dist8,5
Sta86,11号线,Dist8,Sta63,11号线,Dist1,5
Sta138,3号线,Dist6,Sta30,3号线,Dist6,5
Sta127,2号线,Dist2,Sta27,2号线,Dist2,5
Sta48,2号线,Dist2,Sta81,2号线,Dist2,5
Sta47,2号线,Dist1,Sta79,2号线,Dist1,5
Sta26,12号线,Dist5,Sta17,12号线,Dist8,5
Sta135,10号线,Dist5,Sta168,10号线,Dist5,5
Sta108,1号线,Dist1,Sta159,1号线,Dist1,5
Sta159,1号线,Dist1,Sta1,1号线,Dist1,5
Sta4,10号线,Dist5,Sta2,10号线,Dist5,5
Sta118,11号线,Dist5,Sta23,11号线,Dist5,5
Sta168,10号线,Dist5,Sta134,10号线,Dist5,5
Sta68,2号线,Dist4,Sta76,2号线,Dist4,5
Sta80,1号线,Dist3,Sta110,1号线,Dist3,5
Sta64,1号线,Dist3,Sta154,1号线,Dist3,5
Sta154,1号线,Dist3,Sta83,1号线,Dist2,5
Sta125,3号线,Dist5,Sta153,3号线,Dist5,5
Sta107,1号线,Dist2,Sta150,1号线,Dist3,5
Sta59,4号线,Dist8,Sta19,4号线,Dist8,5
Sta147,3号线,Dist5,Sta42,3号线,Dist5,5
Sta122,11号线,Dist10,Sta36,11号线,Dist10,5
Sta145,10号线,Dist5,Sta103,10号线,Dist5,5
Sta89,1号线,Dist3,Sta150,1号线,Dist3,5
Sta118,11号线,Dist5,Sta162,11号线,Dist5,5
Sta157,10号线,Dist8,Sta114,10号线,Dist5,5
Sta68,2号线,Dist4,Sta151,2号线,Dist2,5
Sta40,3号线,Dist5,Sta39,3号线,Dist5,5
Sta64,1号线,Dist3,Sta80,1号线,Dist3,5
Sta146,11号线,Dist6,Sta120,11号线,Dist6,5
Sta12,3号线,Dist7,Sta21,3号线,Dist7,5
Sta164,11号线,Dist5,Sta152,11号线,Dist1,5
Sta78,2号线,Dist1,Sta163,2号线,Dist1,5
Sta82,11号线,Dist5,Sta164,11号线,Dist5,5
Sta85,10号线,Dist5,Sta2,10号线,Dist5,5
Sta103,10号线,Dist5,Sta4,10号线,Dist5,5
Sta13,11号线,Dist5,Sta55,11号线,Dist5,5
Sta33,3号线,Dist5,Sta109,3号线,Dist5,5
Sta8,10号线,Dist5,Sta75,10号线,Dist5,5
Sta71,2号线,Dist4,Sta139,2号线,Dist5,5
Sta102,10号线,Dist5,Sta75,10号线,Dist5,5
Sta6,10号线,Dist5,Sta7,10号线,Dist5,5
Sta6,10号线,Dist5,Sta8,10号线,Dist5,5
Sta115,11号线,Dist5,Sta56,11号线,Dist5,6
Sta94,10号线,Dist5,Sta7,10号线,Dist5,6
Sta70,11号线,Dist5,Sta20,11号线,Dist5,6
Sta99,11号线,Dist10,Sta28,11号线,Dist10,6
Sta126,3号线,Dist1,Sta40,3号线,Dist5,6
Sta9,2号线,Dist1,Sta78,2号线,Dist1,6
Sta69,5号线,Dist5,Sta37,5号线,Dist5,6
Sta167,3号线,Dist5,Sta141,3号线,Dist5,6
Sta127,2号线,Dist2,Sta47,2号线,Dist1,6
Sta89,1号线,Dist3,Sta154,1号线,Dist3,6
Sta117,3号线,Dist5,Sta158,3号线,Dist5,6
Sta44,3号线,Dist5,Sta142,3号线,Dist5,6
Sta27,2号线,Dist2,Sta151,2号线,Dist2,6
Sta41,3号线,Dist6,Sta22,3号线,Dist6,6
Sta168,10号线,Dist5,Sta157,10号线,Dist8,6
Sta57,2号线,Dist4,Sta71,2号线,Dist4,6
Sta94,10号线,Dist5,Sta88,10号线,Dist5,6
Sta125,3号线,Dist5,Sta11,3号线,Dist5,6
Sta44,3号线,Dist5,Sta147,3号线,Dist5,6
Sta62,4号线,Dist8,Sta19,4号线,Dist8,6
Sta133,3号线,Dist6,Sta138,3号线,Dist6,6
Sta15,11号线,Dist8,Sta46,11号线,Dist8,6
Sta163,2号线,Dist1,Sta129,2号线,Dist1,6
Sta117,3号线,Dist5,Sta42,3号线,Dist5,6
Sta97,1号线,Dist3,Sta64,1号线,Dist3,6
Sta41,3号线,Dist6,Sta67,3号线,Dist6,6
Sta22,3号线,Dist6,Sta21,3号线,Dist7,6
Sta17,12号线,Dist8,Sta101,12号线,Dist8,6
Sta106,1号线,Dist3,Sta97,1号线,Dist3,6
Sta65,1号线,Dist3,Sta149,1号线,Dist3,6
Sta160,10号线,Dist5,Sta6,10号线,Dist5,6
Sta130,11号线,Dist6,Sta25,11号线,Dist6,6
Sta162,11号线,Dist5,Sta15,11号线,Dist8,6
Sta96,5号线,Dist5,Sta43,5号线,Dist5,6
Sta119,3号线,Dist7,Sta66,3号线,Dist7,6
Sta3,11号线,Dist6,Sta46,11号线,Dist8,6
Sta142,3号线,Dist5,Sta113,3号线,Dist5,6
Sta48,2号线,Dist2,Sta68,2号线,Dist4,6
Sta105,2号线,Dist4,Sta51,2号线,Dist7,6
Sta10,5号线,Dist5,Sta132,5号线,Dist5,6
Sta70,11号线,Dist5,Sta111,11号线,Dist5,6
Sta13,11号线,Dist5,Sta140,11号线,Dist5,6
Sta43,5号线,Dist5,Sta10,5号线,Dist5,6
Sta8,10号线,Dist5,Sta7,10号线,Dist5,6
Sta116,12号线,Dist6,Sta32,12号线,Dist6,6
Sta61,3号线,Dist7,Sta143,3号线,Dist7,7
Sta110,1号线,Dist3,Sta89,1号线,Dist3,7
Sta80,1号线,Dist3,Sta150,1号线,Dist3,7
Sta131,3号线,Dist5,Sta126,3号线,Dist1,7
Sta127,2号线,Dist2,Sta48,2号线,Dist2,7
Sta107,1号线,Dist2,Sta64,1号线,Dist3,7
Sta20,11号线,Dist5,Sta118,11号线,Dist5,7
Sta49,1号线,Dist3,Sta74,1号线,Dist3,7
Sta96,5号线,Dist5,Sta37,5号线,Dist5,7
Sta137,12号线,Dist3,Sta136,12号线,Dist3,7
Sta61,3号线,Dist7,Sta119,3号线,Dist7,7
Sta158,3号线,Dist5,Sta141,3号线,Dist5,7
Sta112,3号线,Dist5,Sta125,3号线,Dist5,7
Sta112,3号线,Dist5,Sta109,3号线,Dist5,7
Sta3,11号线,Dist6,Sta25,11号线,Dist6,7
Sta73,12号线,Dist2,Sta60,12号线,Dist2,7
Sta145,10号线,Dist5,Sta88,10号线,Dist5,7
Sta109,3号线,Dist5,Sta42,3号线,Dist5,7
Sta90,12号线,Dist5,Sta17,12号线,Dist8,7
Sta50,3号线,Dist7,Sta66,3号线,Dist7,7
Sta83,1号线,Dist2,Sta150,1号线,Dist3,7
Sta153,3号线,Dist5,Sta121,3号线,Dist5,7
Sta108,1号线,Dist1,Sta154,1号线,Dist3,7
Sta129,2号线,Dist1,Sta53,2号线,Dist1,7
Sta153,3号线,Dist5,Sta33,3号线,Dist5,7
Sta110,1号线,Dist3,Sta34,1号线,Dist3,7
Sta124,11号线,Dist10,Sta166,11号线,Dist10,7
Sta132,5号线,Dist5,Sta16,5号线,Dist5,7
Sta34,1号线,Dist3,Sta128,1号线,Dist3,7
Sta137,12号线,Dist3,Sta31,12号线,Dist8,7
Sta24,2号线,Dist6,Sta71,2号线,Dist4,7
Sta48,2号线,Dist2,Sta52,2号线,Dist4,7
Sta151,2号线,Dist2,Sta52,2号线,Dist4,7
Sta95,12号线,Dist5,Sta72,12号线,Dist6,7
Sta156,3号线,Dist7,Sta50,3号线,Dist7,7
Sta6,10号线,Dist5,Sta75,10号线,Dist5,7
Sta77,11号线,Dist10,Sta140,11号线,Dist5,7
Sta83,1号线,Dist2,Sta159,1号线,Dist1,7
Sta12,3号线,Dist7,Sta119,3号线,Dist7,7
Sta18,2号线,Dist1,Sta123,2号线,Dist2,7
Sta139,2号线,Dist5,Sta105,2号线,Dist4,7
Sta24,2号线,Dist6,Sta139,2号线,Dist5,7
Sta67,3号线,Dist6,Sta138,3号线,Dist6,8
Sta89,1号线,Dist3,Sta107,1号线,Dist2,8
Sta86,11号线,Dist8,Sta162,11号线,Dist5,8
Sta60,12号线,Dist2,Sta91,12号线,Dist6,8
Sta134,10号线,Dist5,Sta2,10号线,Dist5,8
Sta100,3号线,Dist5,Sta40,3号线,Dist5,8
Sta39,3号线,Dist5,Sta167,3号线,Dist5,8
Sta68,2号线,Dist4,Sta27,2号线,Dist2,8
Sta138,3号线,Dist6,Sta21,3号线,Dist7,8
Sta23,11号线,Dist5,Sta115,11号线,Dist5,8
Sta22,3号线,Dist6,Sta30,3号线,Dist6,8
Sta114,10号线,Dist5,Sta134,10号线,Dist5,8
Sta81,2号线,Dist2,Sta47,2号线,Dist1,8
Sta163,2号线,Dist1,Sta79,2号线,Dist1,8
Sta53,2号线,Dist1,Sta79,2号线,Dist1,8
Sta81,2号线,Dist2,Sta151,2号线,Dist2,8
Sta162,11号线,Dist5,Sta56,11号线,Dist5,8
Sta26,12号线,Dist5,Sta31,12号线,Dist8,8
Sta63,11号线,Dist1,Sta15,11号线,Dist8,8
Sta63,11号线,Dist1,Sta25,11号线,Dist6,8
Sta55,11号线,Dist5,Sta23,11号线,Dist5,8
Sta132,5号线,Dist5,Sta43,5号线,Dist5,8
Sta40,3号线,Dist5,Sta29,3号线,Dist8,8
Sta84,4号线,Dist5,Sta59,4号线,Dist8,8
Sta135,10号线,Dist5,Sta85,10号线,Dist5,8
Sta149,1号线,Dist3,Sta128,1号线,Dist3,8
Sta71,2号线,Dist4,Sta76,2号线,Dist4,8
Sta92,12号线,Dist6,Sta32,12号线,Dist6,8
Sta142,3号线,Dist5,Sta167,3号线,Dist5,8
Sta41,3号线,Dist6,Sta133,3号线,Dist6,8
Sta165,4号线,Dist8,Sta62,4号线,Dist8,8
Sta120,11号线,Dist6,Sta25,11号线,Dist6,8
Sta55,11号线,Dist5,Sta111,11号线,Dist5,8
Sta100,3号线,Dist5,Sta113,3号线,Dist5,8
Sta106,1号线,Dist3,Sta80,1号线,Dist3,8
Sta78,2号线,Dist1,Sta18,2号线,Dist1,8
Sta36,11号线,Dist10,Sta166,11号线,Dist10,8
Sta7,10号线,Dist5,Sta87,10号线,Dist8,8
Sta152,11号线,Dist1,Sta82,11号线,Dist5,8
Sta85,10号线,Dist5,Sta4,10号线,Dist5,8
Sta114,10号线,Dist5,Sta135,10号线,Dist5,8
Sta70,11号线,Dist5,Sta140,11号线,Dist5,8
Sta123,2号线,Dist2,Sta27,2号线,Dist2,8
Sta105,2号线,Dist4,Sta71,2号线,Dist4,8
Sta93,12号线,Dist6,Sta92,12号线,Dist6,8
Sta147,3号线,Dist5,Sta35,3号线,Dist5,8
Sta22,3号线,Dist6,Sta161,3号线,Dist7,8
Sta19,4号线,Dist8,Sta165,4号线,Dist8,8
Sta68,2号线,Dist4,Sta57,2号线,Dist4,8
Sta133,3号线,Dist6,Sta12,3号线,Dist7,8
Sta57,2号线,Dist4,Sta139,2号线,Dist5,8
Sta38,4号线,Dist8,Sta58,4号线,Dist8,8
Sta13,11号线,Dist5,Sta111,11号线,Dist5,8
Sta161,3号线,Dist7,Sta66,3号线,Dist7,8
Sta161,3号线,Dist7,Sta133,3号线,Dist6,8
Sta90,12号线,Dist5,Sta31,12号线,Dist8,9
Sta66,3号线,Dist7,Sta61,3号线,Dist7,9
Sta69,5号线,Dist5,Sta132,5号线,Dist5,9
Sta23,11号线,Dist5,Sta70,11号线,Dist5,9
Sta144,3号线,Dist6,Sta29,3号线,Dist8,9
Sta117,3号线,Dist5,Sta142,3号线,Dist5,9
Sta8,10号线,Dist5,Sta160,10号线,Dist5,9
Sta144,3号线,Dist6,Sta41,3号线,Dist6,9
Sta15,11号线,Dist8,Sta115,11号线,Dist5,9
Sta168,10号线,Dist5,Sta85,10号线,Dist5,9
Sta140,11号线,Dist5,Sta122,11号线,Dist10,9
Sta95,12号线,Dist5,Sta90,12号线,Dist5,9
Sta166,11号线,Dist10,Sta28,11号线,Dist10,9
Sta110,1号线,Dist3,Sta64,1号线,Dist3,9
Sta121,3号线,Dist5,Sta112,3号线,Dist5,9
Sta106,1号线,Dist3,Sta89,1号线,Dist3,9
Sta137,12号线,Dist3,Sta17,12号线,Dist8,9
Sta42,3号线,Dist5,Sta44,3号线,Dist5,9
Sta88,10号线,Dist5,Sta103,10号线,Dist5,9
Sta74,1号线,Dist3,Sta65,1号线,Dist3,9
Sta107,1号线,Dist2,Sta159,1号线,Dist1,9
Sta21,3号线,Dist7,Sta66,3号线,Dist7,9
Sta59,4号线,Dist8,Sta62,4号线,Dist8,9
Sta35,3号线,Dist5,Sta117,3号线,Dist5,9
Sta154,1号线,Dist3,Sta80,1号线,Dist3,9
Sta76,2号线,Dist4,Sta151,2号线,Dist2,9
Sta158,3号线,Dist5,Sta113,3号线,Dist5,9
Sta128,1号线,Dist3,Sta49,1号线,Dist3,9
Sta13,11号线,Dist5,Sta20,11号线,Dist5,9
Sta97,1号线,Dist3,Sta34,1号线,Dist3,9
Sta97,1号线,Dist3,Sta150,1号线,Dist3,9
Sta6,10号线,Dist5,Sta94,10号线,Dist5,9
Sta146,11号线,Dist6,Sta3,11号线,Dist6,9
Sta10,5号线,Dist5,Sta37,5号线,Dist5,9
Sta123,2号线,Dist2,Sta79,2号线,Dist1,9
Sta143,3号线,Dist7,Sta50,3号线,Dist7,9
Sta131,3号线,Dist5,Sta167,3号线,Dist5,9
Sta78,2号线,Dist1,Sta47,2号线,Dist1,9
Sta103,10号线,Dist5,Sta2,10号线,Dist5,9
Sta57,2号线,Dist4,Sta52,2号线,Dist4,9
Sta3,11号线,Dist6,Sta86,11号线,Dist8,9
Sta165,4号线,Dist8,Sta38,4号线,Dist8,9
Sta92,12号线,Dist6,Sta116,12号线,Dist6,9
Sta111,11号线,Dist5,Sta164,11号线,Dist5,9
Sta77,11号线,Dist10,Sta36,11号线,Dist10,9
Sta136,12号线,Dist3,Sta101,12号线,Dist8,10
Sta99,11号线,Dist10,Sta36,11号线,Dist10,10
Sta160,10号线,Dist5,Sta88,10号线,Dist5,10
Sta115,11号线,Dist5,Sta86,11号线,Dist8,10
Sta115,11号线,Dist5,Sta20,11号线,Dist5,10
Sta157,10号线,Dist8,Sta135,10号线,Dist5,10
Sta68,2号线,Dist4,Sta81,2号线,Dist2,10
Sta158,3号线,Dist5,Sta147,3号线,Dist5,10
Sta108,1号线,Dist1,Sta1,1号线,Dist1,10
Sta47,2号线,Dist1,Sta27,2号线,Dist2,10
Sta74,1号线,Dist3,Sta34,1号线,Dist3,10
Sta87,10号线,Dist8,Sta145,10号线,Dist5,10
Sta129,2号线,Dist1,Sta47,2号线,Dist1,10
Sta67,3号线,Dist6,Sta22,3号线,Dist6,10
Sta54,5号线,Dist5,Sta69,5号线,Dist5,10
Sta30,3号线,Dist6,Sta133,3号线,Dist6,10
Sta92,12号线,Dist6,Sta91,12号线,Dist6,10
Sta153,3号线,Dist5,Sta11,3号线,Dist5,10
Sta44,3号线,Dist5,Sta141,3号线,Dist5,10
Sta64,1号线,Dist3,Sta83,1号线,Dist2,10
Sta33,3号线,Dist5,Sta35,3号线,Dist5,10
Sta80,1号线,Dist3,Sta34,1号线,Dist3,10
Sta82,11号线,Dist5,Sta70,11号线,Dist5,10
Sta12,3号线,Dist7,Sta22,3号线,Dist6,10
Sta129,2号线,Dist1,Sta78,2号线,Dist1,10
Sta144,3号线,Dist6,Sta138,3号线,Dist6,10
Sta52,2号线,Dist4,Sta71,2号线,Dist4,10
Sta76,2号线,Dist4,Sta139,2号线,Dist5,10
Sta156,3号线,Dist7,Sta119,3号线,Dist7,10
Sta56,11号线,Dist5,Sta55,11号线,Dist5,10
Sta27,2号线,Dist2,Sta52,2号线,Dist4,10
Sta127,2号线,Dist2,Sta18,2号线,Dist1,10
Sta108,1号线,Dist1,Sta150,1号线,Dist3,10
Sta96,5号线,Dist5,Sta16,5号线,Dist5,10
Sta109,3号线,Dist5,Sta147,3号线,Dist5,10
Sta119,3号线,Dist7,Sta161,3号线,Dist7,10
Sta152,11号线,Dist1,Sta45,11号线,Dist5,10
Sta164,11号线,Dist5,Sta45,11号线,Dist5,10
Sta24,2号线,Dist6,Sta51,2号线,Dist7,10
Sta64,1号线,Dist3,Sta108,1号线,Dist1,11
Sta163,2号线,Dist1,Sta18,2号线,Dist1,11
Sta146,11号线,Dist6,Sta63,11号线,Dist1,11
Sta131,3号线,Dist5,Sta29,3号线,Dist8,11
Sta9,2号线,Dist1,Sta79,2号线,Dist1,11
Sta43,5号线,Dist5,Sta37,5号线,Dist5,11
Sta162,11号线,Dist5,Sta46,11号线,Dist8,11
Sta134,10号线,Dist5,Sta4,10号线,Dist5,11
Sta39,3号线,Dist5,Sta126,3号线,Dist1,11
Sta67,3号线,Dist6,Sta29,3号线,Dist8,11
Sta127,2号线,Dist2,Sta79,2号线,Dist1,11
Sta117,3号线,Dist5,Sta141,3号线,Dist5,11
Sta32,12号线,Dist6,Sta60,12号线,Dist2,11
Sta3,11号线,Dist6,Sta15,11号线,Dist8,11
Sta40,3号线,Dist5,Sta167,3号线,Dist5,11
Sta89,1号线,Dist3,Sta83,1号线,Dist2,11
Sta134,10号线,Dist5,Sta157,10号线,Dist8,11
Sta141,3号线,Dist5,Sta100,3号线,Dist5,11
Sta89,1号线,Dist3,Sta34,1号线,Dist3,11
Sta127,2号线,Dist2,Sta151,2号线,Dist2,11
Sta80,1号线,Dist3,Sta107,1号线,Dist2,11
Sta118,11号线,Dist5,Sta15,11号线,Dist8,11
Sta93,12号线,Dist6,Sta95,12号线,Dist5,11
Sta126,3号线,Dist1,Sta144,3号线,Dist6,11
Sta151,2号线,Dist2,Sta57,2号线,Dist4,11
Sta26,12号线,Dist5,Sta101,12号线,Dist8,11
Sta121,3号线,Dist5,Sta33,3号线,Dist5,11
Sta122,11号线,Dist10,Sta166,11号线,Dist10,11
Sta85,10号线,Dist5,Sta103,10号线,Dist5,11
Sta87,10号线,Dist8,Sta6,10号线,Dist5,11
Sta48,2号线,Dist2,Sta123,2号线,Dist2,11
Sta33,3号线,Dist5,Sta125,3号线,Dist5,11
Sta106,1号线,Dist3,Sta64,1号线,Dist3,11
Sta23,11号线,Dist5,Sta162,11号线,Dist5,11
Sta88,10号线,Dist5,Sta4,10号线,Dist5,11
Sta112,3号线,Dist5,Sta35,3号线,Dist5,11
Sta140,11号线,Dist5,Sta55,11号线,Dist5,11
Sta122,11号线,Dist10,Sta111,11号线,Dist5,11
Sta91,12号线,Dist6,Sta148,12号线,Dist2,11
Sta21,3号线,Dist7,Sta119,3号线,Dist7,11
Sta153,3号线,Dist5,Sta109,3号线,Dist5,11
Sta50,3号线,Dist7,Sta12,3号线,Dist7,11
Sta39,3号线,Dist5,Sta113,3号线,Dist5,11
Sta41,3号线,Dist6,Sta21,3号线,Dist7,11
Sta82,11号线,Dist5,Sta13,11号线,Dist5,11
Sta53,2号线,Dist1,Sta18,2号线,Dist1,11
Sta57,2号线,Dist4,Sta24,2号线,Dist6,11
Sta82,11号线,Dist5,Sta140,11号线,Dist5,11
Sta154,1号线,Dist3,Sta97,1号线,Dist3,11
Sta138,3号线,Dist6,Sta161,3号线,Dist7,11
Sta13,11号线,Dist5,Sta164,11号线,Dist5,11
Sta8,10号线,Dist5,Sta94,10号线,Dist5,11
Sta128,1号线,Dist3,Sta106,1号线,Dist3,11
Sta76,2号线,Dist4,Sta48,2号线,Dist2,11
Sta111,11号线,Dist5,Sta77,11号线,Dist10,11
Sta62,4号线,Dist8,Sta58,4号线,Dist8,11
Sta116,12号线,Dist6,Sta91,12号线,Dist6,11
Sta69,5号线,Dist5,Sta96,5号线,Dist5,12
Sta162,11号线,Dist5,Sta20,11号线,Dist5,12
Sta133,3号线,Dist6,Sta67,3号线,Dist6,12
Sta12,3号线,Dist7,Sta61,3号线,Dist7,12
Sta126,3号线,Dist1,Sta100,3号线,Dist5,12
Sta33,3号线,Dist5,Sta42,3号线,Dist5,12
Sta122,11号线,Dist10,Sta99,11号线,Dist10,12
Sta47,2号线,Dist1,Sta53,2号线,Dist1,12
Sta35,3号线,Dist5,Sta44,3号线,Dist5,12
Sta115,11号线,Dist5,Sta46,11号线,Dist8,12
Sta162,11号线,Dist5,Sta63,11号线,Dist1,12
Sta30,3号线,Dist6,Sta21,3号线,Dist7,12
Sta128,1号线,Dist3,Sta65,1号线,Dist3,12
Sta42,3号线,Dist5,Sta158,3号线,Dist5,12
Sta52,2号线,Dist4,Sta81,2号线,Dist2,12
Sta55,11号线,Dist5,Sta118,11号线,Dist5,12
Sta130,11号线,Dist6,Sta3,11号线,Dist6,12
Sta168,10号线,Dist5,Sta2,10号线,Dist5,12
Sta10,5号线,Dist5,Sta16,5号线,Dist5,12
Sta158,3号线,Dist5,Sta167,3号线,Dist5,12
Sta128,1号线,Dist3,Sta110,1号线,Dist3,12
Sta95,12号线,Dist5,Sta26,12号线,Dist5,12
Sta70,11号线,Dist5,Sta56,11号线,Dist5,12
Sta18,2号线,Dist1,Sta81,2号线,Dist2,12
Sta85,10号线,Dist5,Sta114,10号线,Dist5,12
Sta92,12号线,Dist6,Sta72,12号线,Dist6,12
Sta20,11号线,Dist5,Sta111,11号线,Dist5,12
Sta138,3号线,Dist6,Sta12,3号线,Dist7,12
Sta25,11号线,Dist6,Sta46,11号线,Dist8,12
Sta159,1号线,Dist1,Sta154,1号线,Dist3,12
Sta110,1号线,Dist3,Sta150,1号线,Dist3,12
Sta142,3号线,Dist5,Sta147,3号线,Dist5,12
Sta112,3号线,Dist5,Sta11,3号线,Dist5,12
Sta62,4号线,Dist8,Sta38,4号线,Dist8,12
Sta7,10号线,Dist5,Sta75,10号线,Dist5,12
Sta4,10号线,Dist5,Sta145,10号线,Dist5,12
Sta102,10号线,Dist5,Sta6,10号线,Dist5,12
Sta103,10号线,Dist5,Sta87,10号线,Dist8,13
Sta67,3号线,Dist6,Sta126,3号线,Dist1,13
Sta125,3号线,Dist5,Sta109,3号线,Dist5,13
Sta108,1号线,Dist1,Sta89,1号线,Dist3,13
Sta31,12号线,Dist8,Sta136,12号线,Dist3,13
Sta127,2号线,Dist2,Sta68,2号线,Dist4,13
Sta27,2号线,Dist2,Sta76,2号线,Dist4,13
Sta100,3号线,Dist5,Sta142,3号线,Dist5,13
Sta97,1号线,Dist3,Sta107,1号线,Dist2,13
Sta13,11号线,Dist5,Sta23,11号线,Dist5,13
Sta39,3号线,Dist5,Sta141,3号线,Dist5,13
Sta145,10号线,Dist5,Sta94,10号线,Dist5,13
Sta134,10号线,Dist5,Sta103,10号线,Dist5,13
Sta156,3号线,Dist7,Sta66,3号线,Dist7,13
Sta47,2号线,Dist1,Sta48,2号线,Dist2,13
Sta106,1号线,Dist3,Sta74,1号线,Dist3,13
Sta160,10号线,Dist5,Sta75,10号线,Dist5,13
Sta161,3号线,Dist7,Sta41,3号线,Dist6,13
Sta83,1号线,Dist2,Sta1,1号线,Dist1,13
Sta135,10号线,Dist5,Sta2,10号线,Dist5,13
Sta29,3号线,Dist8,Sta30,3号线,Dist6,13
Sta118,11号线,Dist5,Sta86,11号线,Dist8,13
Sta111,11号线,Dist5,Sta152,11号线,Dist1,13
Sta143,3号线,Dist7,Sta119,3号线,Dist7,13
Sta87,10号线,Dist8,Sta8,10号线,Dist5,13
Sta7,10号线,Dist5,Sta88,10号线,Dist5,13
Sta117,3号线,Dist5,Sta109,3号线,Dist5,13
Sta54,5号线,Dist5,Sta16,5号线,Dist5,13
Sta113,3号线,Dist5,Sta44,3号线,Dist5,13
Sta55,11号线,Dist5,Sta82,11号线,Dist5,13
Sta105,2号线,Dist4,Sta57,2号线,Dist4,13
Sta145,10号线,Dist5,Sta2,10号线,Dist5,13
Sta90,12号线,Dist5,Sta101,12号线,Dist8,13
Sta154,1号线,Dist3,Sta110,1号线,Dist3,13
Sta52,2号线,Dist4,Sta139,2号线,Dist5,13
Sta148,12号线,Dist2,Sta32,12号线,Dist6,13
Sta131,3号线,Dist5,Sta113,3号线,Dist5,13
Sta68,2号线,Dist4,Sta71,2号线,Dist4,13
Sta84,4号线,Dist5,Sta19,4号线,Dist8,13
Sta144,3号线,Dist6,Sta22,3号线,Dist6,13
Sta80,1号线,Dist3,Sta83,1号线,Dist2,13
Sta7,10号线,Dist5,Sta102,10号线,Dist5,13
Sta139,2号线,Dist5,Sta51,2号线,Dist7,13
Sta45,11号线,Dist5,Sta82,11号线,Dist5,13
Sta18,2号线,Dist1,Sta9,2号线,Dist1,14
Sta79,2号线,Dist1,Sta129,2号线,Dist1,14
Sta63,11号线,Dist1,Sta130,11号线,Dist6,14
Sta25,11号线,Dist6,Sta86,11号线,Dist8,14
Sta146,11号线,Dist6,Sta46,11号线,Dist8,14
Sta79,2号线,Dist1,Sta81,2号线,Dist2,14
Sta70,11号线,Dist5,Sta118,11号线,Dist5,14
Sta122,11号线,Dist10,Sta13,11号线,Dist5,14
Sta42,3号线,Dist5,Sta112,3号线,Dist5,14
Sta161,3号线,Dist7,Sta30,3号线,Dist6,14
Sta137,12号线,Dist3,Sta26,12号线,Dist5,14
Sta161,3号线,Dist7,Sta50,3号线,Dist7,14
Sta71,2号线,Dist4,Sta51,2号线,Dist7,14
Sta123,2号线,Dist2,Sta78,2号线,Dist1,14
Sta34,1号线,Dist3,Sta149,1号线,Dist3,14
Sta16,5号线,Dist5,Sta43,5号线,Dist5,14
Sta107,1号线,Dist2,Sta1,1号线,Dist1,14
Sta36,11号线,Dist10,Sta140,11号线,Dist5,14
Sta35,3号线,Dist5,Sta153,3号线,Dist5,14
Sta68,2号线,Dist4,Sta139,2号线,Dist5,14
Sta21,3号线,Dist7,Sta67,3号线,Dist6,14
Sta50,3号线,Dist7,Sta21,3号线,Dist7,14
Sta88,10号线,Dist5,Sta6,10号线,Dist5,14
Sta35,3号线,Dist5,Sta158,3号线,Dist5,14
Sta151,2号线,Dist2,Sta123,2号线,Dist2,14
Sta120,11号线,Dist6,Sta3,11号线,Dist6,14
Sta29,3号线,Dist8,Sta39,3号线,Dist5,14
Sta91,12号线,Dist6,Sta73,12号线,Dist2,14
Sta97,1号线,Dist3,Sta128,1号线,Dist3,14
Sta70,11号线,Dist5,Sta77,11号线,Dist10,14
Sta20,11号线,Dist5,Sta140,11号线,Dist5,14
Sta34,1号线,Dist3,Sta64,1号线,Dist3,14
Sta124,11号线,Dist10,Sta36,11号线,Dist10,14
Sta56,11号线,Dist5,Sta13,11号线,Dist5,14
Sta163,2号线,Dist1,Sta47,2号线,Dist1,14
Sta61,3号线,Dist7,Sta161,3号线,Dist7,14
Sta15,11号线,Dist8,Sta56,11号线,Dist5,14
Sta85,10号线,Dist5,Sta145,10号线,Dist5,14
Sta22,3号线,Dist6,Sta66,3号线,Dist7,14
Sta76,2号线,Dist4,Sta24,2号线,Dist6,14
Sta77,11号线,Dist10,Sta166,11号线,Dist10,14
Sta57,2号线,Dist4,Sta48,2号线,Dist2,14
Sta126,3号线,Dist1,Sta30,3号线,Dist6,15
Sta123,2号线,Dist2,Sta53,2号线,Dist1,15
Sta107,1号线,Dist2,Sta110,1号线,Dist3,15
Sta41,3号线,Dist6,Sta12,3号线,Dist7,15
Sta2,10号线,Dist5,Sta114,10号线,Dist5,15
Sta54,5号线,Dist5,Sta37,5号线,Dist5,15
Sta76,2号线,Dist4,Sta81,2号线,Dist2,15
Sta110,1号线,Dist3,Sta74,1号线,Dist3,15
Sta44,3号线,Dist5,Sta109,3号线,Dist5,15
Sta94,10号线,Dist5,Sta103,10号线,Dist5,15
Sta42,3号线,Dist5,Sta142,3号线,Dist5,15
Sta133,3号线,Dist6,Sta144,3号线,Dist6,15
Sta121,3号线,Dist5,Sta109,3号线,Dist5,15
Sta115,11号线,Dist5,Sta55,11号线,Dist5,15
Sta63,11号线,Dist1,Sta115,11号线,Dist5,15
Sta23,11号线,Dist5,Sta111,11号线,Dist5,15
Sta69,5号线,Dist5,Sta10,5号线,Dist5,15
Sta68,2号线,Dist4,Sta123,2号线,Dist2,15
Sta127,2号线,Dist2,Sta52,2号线,Dist4,15
Sta4,10号线,Dist5,Sta135,10号线,Dist5,15
Sta157,10号线,Dist8,Sta85,10号线,Dist5,15
Sta129,2号线,Dist1,Sta18,2号线,Dist1,15
Sta97,1号线,Dist3,Sta83,1号线,Dist2,15
Sta131,3号线,Dist5,Sta141,3号线,Dist5,15
Sta123,2号线,Dist2,Sta129,2号线,Dist1,15
Sta164,11号线,Dist5,Sta140,11号线,Dist5,15
Sta167,3号线,Dist5,Sta44,3号线,Dist5,15
Sta147,3号线,Dist5,Sta141,3号线,Dist5,15
Sta133,3号线,Dist6,Sta119,3号线,Dist7,15
Sta76,2号线,Dist4,Sta105,2号线,Dist4,15
Sta106,1号线,Dist3,Sta154,1号线,Dist3,15
Sta13,11号线,Dist5,Sta77,11号线,Dist10,15
Sta27,2号线,Dist2,Sta18,2号线,Dist1,15
Sta36,11号线,Dist10,Sta28,11号线,Dist10,16
Sta122,11号线,Dist10,Sta70,11号线,Dist5,16
Sta15,11号线,Dist8,Sta23,11号线,Dist5,16
Sta49,1号线,Dist3,Sta34,1号线,Dist3,16
Sta136,12号线,Dist3,Sta17,12号线,Dist8,16
Sta90,12号线,Dist5,Sta137,12号线,Dist3,16
Sta77,11号线,Dist10,Sta99,11号线,Dist10,16
Sta122,11号线,Dist10,Sta82,11号线,Dist5,16
Sta118,11号线,Dist5,Sta46,11号线,Dist8,16
Sta127,2号线,Dist2,Sta78,2号线,Dist1,16
Sta4,10号线,Dist5,Sta87,10号线,Dist8,16
Sta3,11号线,Dist6,Sta162,11号线,Dist5,16
Sta47,2号线,Dist1,Sta9,2号线,Dist1,16
Sta120,11号线,Dist6,Sta63,11号线,Dist1,16
Sta95,12号线,Dist5,Sta17,12号线,Dist8,16
Sta146,11号线,Dist6,Sta86,11号线,Dist8,16
Sta86,11号线,Dist8,Sta56,11号线,Dist5,16
Sta57,2号线,Dist4,Sta27,2号线,Dist2,16
Sta80,1号线,Dist3,Sta108,1号线,Dist1,16
Sta40,3号线,Dist5,Sta113,3号线,Dist5,16
Sta168,10号线,Dist5,Sta4,10号线,Dist5,16
Sta93,12号线,Dist6,Sta32,12号线,Dist6,16
Sta152,11号线,Dist1,Sta70,11号线,Dist5,16
Sta100,3号线,Dist5,Sta29,3号线,Dist8,16
Sta141,3号线,Dist5,Sta42,3号线,Dist5,16
Sta11,3号线,Dist5,Sta33,3号线,Dist5,16
Sta12,3号线,Dist7,Sta156,3号线,Dist7,16
Sta142,3号线,Dist5,Sta39,3号线,Dist5,16
Sta22,3号线,Dist6,Sta119,3号线,Dist7,16
Sta2,10号线,Dist5,Sta88,10号线,Dist5,16
Sta159,1号线,Dist1,Sta64,1号线,Dist3,16
Sta66,3号线,Dist7,Sta138,3号线,Dist6,16
Sta94,10号线,Dist5,Sta75,10号线,Dist5,16
Sta111,11号线,Dist5,Sta36,11号线,Dist10,16
Sta143,3号线,Dist7,Sta66,3号线,Dist7,16
Sta150,1号线,Dist3,Sta159,1号线,Dist1,16
Sta32,12号线,Dist6,Sta73,12号线,Dist2,16
Sta20,11号线,Dist5,Sta82,11号线,Dist5,16
Sta58,4号线,Dist8,Sta59,4号线,Dist8,16
Sta72,12号线,Dist6,Sta116,12号线,Dist6,16
Sta82,11号线,Dist5,Sta77,11号线,Dist10,16
Sta113,3号线,Dist5,Sta117,3号线,Dist5,16
Sta79,2号线,Dist1,Sta48,2号线,Dist2,16
Sta70,11号线,Dist5,Sta164,11号线,Dist5,16
Sta13,11号线,Dist5,Sta152,11号线,Dist1,16
Sta38,4号线,Dist8,Sta19,4号线,Dist8,16
Sta84,4号线,Dist5,Sta62,4号线,Dist8,16
Sta77,11号线,Dist10,Sta55,11号线,Dist5,16
Sta165,4号线,Dist8,Sta59,4号线,Dist8,16
Sta93,12号线,Dist6,Sta116,12号线,Dist6,16
Sta106,1号线,Dist3,Sta150,1号线,Dist3,16
Sta118,11号线,Dist5,Sta63,11号线,Dist1,17
Sta130,11号线,Dist6,Sta46,11号线,Dist8,17
Sta123,2号线,Dist2,Sta52,2号线,Dist4,17
Sta13,11号线,Dist5,Sta36,11号线,Dist10,17
Sta57,2号线,Dist4,Sta81,2号线,Dist2,17
Sta12,3号线,Dist7,Sta30,3号线,Dist6,17
Sta167,3号线,Dist5,Sta126,3号线,Dist1,17
Sta76,2号线,Dist4,Sta127,2号线,Dist2,17
Sta21,3号线,Dist7,Sta61,3号线,Dist7,17
Sta87,10号线,Dist8,Sta75,10号线,Dist5,17
Sta1,1号线,Dist1,Sta154,1号线,Dist3,17
Sta43,5号线,Dist5,Sta69,5号线,Dist5,17
Sta13,11号线,Dist5,Sta118,11号线,Dist5,17
Sta139,2号线,Dist5,Sta151,2号线,Dist2,17
Sta97,1号线,Dist3,Sta108,1号线,Dist1,17
Sta97,1号线,Dist3,Sta74,1号线,Dist3,17
Sta134,10号线,Dist5,Sta145,10号线,Dist5,17
Sta29,3号线,Dist8,Sta41,3号线,Dist6,17
Sta42,3号线,Dist5,Sta153,3号线,Dist5,17
Sta67,3号线,Dist6,Sta161,3号线,Dist7,17
Sta162,11号线,Dist5,Sta55,11号线,Dist5,17
Sta151,2号线,Dist2,Sta47,2号线,Dist1,17
Sta167,3号线,Dist5,Sta117,3号线,Dist5,17
Sta100,3号线,Dist5,Sta158,3号线,Dist5,17
Sta34,1号线,Dist3,Sta154,1号线,Dist3,17
Sta140,11号线,Dist5,Sta152,11号线,Dist1,17
Sta48,2号线,Dist2,Sta71,2号线,Dist4,17
Sta147,3号线,Dist5,Sta113,3号线,Dist5,17
Sta124,11号线,Dist10,Sta122,11号线,Dist10,17
Sta15,11号线,Dist8,Sta25,11号线,Dist6,17
Sta160,10号线,Dist5,Sta102,10号线,Dist5,17
Sta163,2号线,Dist1,Sta123,2号线,Dist2,17
Sta111,11号线,Dist5,Sta56,11号线,Dist5,17
Sta90,12号线,Dist5,Sta72,12号线,Dist6,17
Sta79,2号线,Dist1,Sta27,2号线,Dist2,17
Sta151,2号线,Dist2,Sta71,2号线,Dist4,17
Sta40,3号线,Dist5,Sta144,3号线,Dist6,17
Sta149,1号线,Dist3,Sta106,1号线,Dist3,17
Sta52,2号线,Dist4,Sta24,2号线,Dist6,17
Sta55,11号线,Dist5,Sta164,11号线,Dist5,17
Sta160,10号线,Dist5,Sta145,10号线,Dist5,17
Sta150,1号线,Dist3,Sta34,1号线,Dist3,17
Sta48,2号线,Dist2,Sta18,2号线,Dist1,17
Sta8,10号线,Dist5,Sta102,10号线,Dist5,17
Sta114,10号线,Dist5,Sta4,10号线,Dist5,18
Sta95,12号线,Dist5,Sta92,12号线,Dist6,18
Sta55,11号线,Dist5,Sta122,11号线,Dist10,18
Sta23,11号线,Dist5,Sta86,11号线,Dist8,18
Sta40,3号线,Dist5,Sta67,3号线,Dist6,18
Sta65,1号线,Dist3,Sta34,1号线,Dist3,18
Sta80,1号线,Dist3,Sta74,1号线,Dist3,18
Sta89,1号线,Dist3,Sta128,1号线,Dist3,18
Sta141,3号线,Dist5,Sta40,3号线,Dist5,18
Sta47,2号线,Dist1,Sta68,2号线,Dist4,18
Sta158,3号线,Dist5,Sta109,3号线,Dist5,18
Sta131,3号线,Dist5,Sta142,3号线,Dist5,18
Sta15,11号线,Dist8,Sta20,11号线,Dist5,18
Sta66,3号线,Dist7,Sta41,3号线,Dist6,18
Sta125,3号线,Dist5,Sta35,3号线,Dist5,18
Sta144,3号线,Dist6,Sta21,3号线,Dist7,18
Sta89,1号线,Dist3,Sta159,1号线,Dist1,18
Sta127,2号线,Dist2,Sta53,2号线,Dist1,18
Sta29,3号线,Dist8,Sta138,3号线,Dist6,18
Sta60,12号线,Dist2,Sta92,12号线,Dist6,18
Sta70,11号线,Dist5,Sta115,11号线,Dist5,18
Sta142,3号线,Dist5,Sta35,3号线,Dist5,18
Sta72,12号线,Dist6,Sta32,12号线,Dist6,18
Sta139,2号线,Dist5,Sta48,2号线,Dist2,18
Sta86,11号线,Dist8,Sta130,11号线,Dist6,18
Sta110,1号线,Dist3,Sta149,1号线,Dist3,18
Sta168,10号线,Dist5,Sta103,10号线,Dist5,18
Sta109,3号线,Dist5,Sta11,3号线,Dist5,18
Sta110,1号线,Dist3,Sta83,1号线,Dist2,18
Sta23,11号线,Dist5,Sta140,11号线,Dist5,18
Sta106,1号线,Dist3,Sta107,1号线,Dist2,18
Sta94,10号线,Dist5,Sta4,10号线,Dist5,18
Sta59,4号线,Dist8,Sta38,4号线,Dist8,18
Sta128,1号线,Dist3,Sta80,1号线,Dist3,18
Sta45,11号线,Dist5,Sta111,11号线,Dist5,18
Sta2,10号线,Dist5,Sta157,10号线,Dist8,18
Sta119,3号线,Dist7,Sta138,3号线,Dist6,18
Sta8,10号线,Dist5,Sta88,10号线,Dist5,18
Sta161,3号线,Dist7,Sta156,3号线,Dist7,18
Sta105,2号线,Dist4,Sta52,2号线,Dist4,18
Sta135,10号线,Dist5,Sta103,10号线,Dist5,18
Sta133,3号线,Dist6,Sta66,3号线,Dist7,18
Sta41,3号线,Dist6,Sta126,3号线,Dist1,19
Sta72,12号线,Dist6,Sta26,12号线,Dist5,19
Sta20,11号线,Dist5,Sta77,11号线,Dist10,19
Sta160,10号线,Dist5,Sta103,10号线,Dist5,19
Sta12,3号线,Dist7,Sta67,3号线,Dist6,19
Sta123,2号线,Dist2,Sta9,2号线,Dist1,19
Sta132,5号线,Dist5,Sta54,5号线,Dist5,19
Sta95,12号线,Dist5,Sta31,12号线,Dist8,19
Sta121,3号线,Dist5,Sta35,3号线,Dist5,19
Sta127,2号线,Dist2,Sta163,2号线,Dist1,19
Sta78,2号线,Dist1,Sta81,2号线,Dist2,19
Sta56,11号线,Dist5,Sta46,11号线,Dist8,19
Sta111,11号线,Dist5,Sta118,11号线,Dist5,19
Sta122,11号线,Dist10,Sta28,11号线,Dist10,19
Sta88,10号线,Dist5,Sta85,10号线,Dist5,19
Sta162,11号线,Dist5,Sta70,11号线,Dist5,19
Sta158,3号线,Dist5,Sta39,3号线,Dist5,19
Sta55,11号线,Dist5,Sta152,11号线,Dist1,19
Sta36,11号线,Dist10,Sta70,11号线,Dist5,19
Sta115,11号线,Dist5,Sta3,11号线,Dist6,19
Sta143,3号线,Dist7,Sta12,3号线,Dist7,19
Sta106,1号线,Dist3,Sta49,1号线,Dist3,19
Sta133,3号线,Dist6,Sta50,3号线,Dist7,19
Sta94,10号线,Dist5,Sta102,10号线,Dist5,19
Sta117,3号线,Dist5,Sta33,3号线,Dist5,19
Sta91,12号线,Dist6,Sta93,12号线,Dist6,19
Sta150,1号线,Dist3,Sta1,1号线,Dist1,19
Sta165,4号线,Dist8,Sta84,4号线,Dist5,19
Sta19,4号线,Dist8,Sta58,4号线,Dist8,19
Sta77,11号线,Dist10,Sta124,11号线,Dist10,19
Sta57,2号线,Dist4,Sta127,2号线,Dist2,20
Sta93,12号线,Dist6,Sta90,12号线,Dist5,20
Sta42,3号线,Dist5,Sta125,3号线,Dist5,20
Sta74,1号线,Dist3,Sta89,1号线,Dist3,20
Sta23,11号线,Dist5,Sta46,11号线,Dist8,20
Sta49,1号线,Dist3,Sta110,1号线,Dist3,20
Sta40,3号线,Dist5,Sta30,3号线,Dist6,20
Sta110,1号线,Dist3,Sta108,1号线,Dist1,20
Sta126,3号线,Dist1,Sta113,3号线,Dist5,20
Sta129,2号线,Dist1,Sta127,2号线,Dist2,20
Sta78,2号线,Dist1,Sta27,2号线,Dist2,20
Sta42,3号线,Dist5,Sta113,3号线,Dist5,20
Sta34,1号线,Dist3,Sta107,1号线,Dist2,20
Sta82,11号线,Dist5,Sta23,11号线,Dist5,20
Sta47,2号线,Dist1,Sta52,2号线,Dist4,20
Sta63,11号线,Dist1,Sta56,11号线,Dist5,20
Sta44,3号线,Dist5,Sta100,3号线,Dist5,20
Sta35,3号线,Dist5,Sta141,3号线,Dist5,20
Sta40,3号线,Dist5,Sta142,3号线,Dist5,20
Sta2,10号线,Dist5,Sta87,10号线,Dist8,20
Sta53,2号线,Dist1,Sta81,2号线,Dist2,20
Sta131,3号线,Dist5,Sta144,3号线,Dist6,20
Sta30,3号线,Dist6,Sta66,3号线,Dist7,20
Sta146,11号线,Dist6,Sta15,11号线,Dist8,20
Sta29,3号线,Dist8,Sta167,3号线,Dist5,20
Sta26,12号线,Dist5,Sta136,12号线,Dist3,20
Sta20,11号线,Dist5,Sta86,11号线,Dist8,20
Sta140,11号线,Dist5,Sta166,11号线,Dist10,20
Sta120,11号线,Dist6,Sta46,11号线,Dist8,20
Sta148,12号线,Dist2,Sta116,12号线,Dist6,20
Sta105,2号线,Dist4,Sta68,2号线,Dist4,20
Sta70,11号线,Dist5,Sta45,11号线,Dist5,20
Sta112,3号线,Dist5,Sta147,3号线,Dist5,20
Sta145,10号线,Dist5,Sta7,10号线,Dist5,20
Sta140,11号线,Dist5,Sta56,11号线,Dist5,20
Sta22,3号线,Dist6,Sta50,3号线,Dist7,20
Sta129,2号线,Dist1,Sta81,2号线,Dist2,21
Sta127,2号线,Dist2,Sta9,2号线,Dist1,21
Sta115,11号线,Dist5,Sta13,11号线,Dist5,21
Sta21,3号线,Dist7,Sta156,3号线,Dist7,21
Sta1,1号线,Dist1,Sta64,1号线,Dist3,21
Sta29,3号线,Dist8,Sta22,3号线,Dist6,21
Sta64,1号线,Dist3,Sta128,1号线,Dist3,21
Sta71,2号线,Dist4,Sta81,2号线,Dist2,21
Sta25,11号线,Dist6,Sta162,11号线,Dist5,21
Sta147,3号线,Dist5,Sta167,3号线,Dist5,21
Sta131,3号线,Dist5,Sta67,3号线,Dist6,21
Sta91,12号线,Dist6,Sta72,12号线,Dist6,21
Sta123,2号线,Dist2,Sta76,2号线,Dist4,21
Sta126,3号线,Dist1,Sta138,3号线,Dist6,21
Sta7,10号线,Dist5,Sta103,10号线,Dist5,21
Sta143,3号线,Dist7,Sta161,3号线,Dist7,21
Sta117,3号线,Dist5,Sta100,3号线,Dist5,21
Sta86,11号线,Dist8,Sta120,11号线,Dist6,21
Sta159,1号线,Dist1,Sta80,1号线,Dist3,21
Sta131,3号线,Dist5,Sta158,3号线,Dist5,21
Sta82,11号线,Dist5,Sta56,11号线,Dist5,21
Sta160,10号线,Dist5,Sta4,10号线,Dist5,21
Sta96,5号线,Dist5,Sta54,5号线,Dist5,21
Sta22,3号线,Dist6,Sta61,3号线,Dist7,21
Sta118,11号线,Dist5,Sta3,11号线,Dist6,21
Sta103,10号线,Dist5,Sta114,10号线,Dist5,21
Sta148,12号线,Dist2,Sta92,12号线,Dist6,21
Sta144,3号线,Dist6,Sta161,3号线,Dist7,21
Sta118,11号线,Dist5,Sta140,11号线,Dist5,21
Sta15,11号线,Dist8,Sta130,11号线,Dist6,21
Sta55,11号线,Dist5,Sta36,11号线,Dist10,21
Sta99,11号线,Dist10,Sta140,11号线,Dist5,21
Sta106,1号线,Dist3,Sta83,1号线,Dist2,21
Sta87,10号线,Dist8,Sta102,10号线,Dist5,21
Sta61,3号线,Dist7,Sta133,3号线,Dist6,21
Sta68,2号线,Dist4,Sta18,2号线,Dist1,21
Sta27,2号线,Dist2,Sta71,2号线,Dist4,21
Sta51,2号线,Dist7,Sta76,2号线,Dist4,21
Sta145,10号线,Dist5,Sta6,10号线,Dist5,21
Sta89,1号线,Dist3,Sta1,1号线,Dist1,22
Sta20,11号线,Dist5,Sta122,11号线,Dist10,22
Sta23,11号线,Dist5,Sta63,11号线,Dist1,22
Sta134,10号线,Dist5,Sta88,10号线,Dist5,22
Sta44,3号线,Dist5,Sta112,3号线,Dist5,22
Sta90,12号线,Dist5,Sta136,12号线,Dist3,22
Sta142,3号线,Dist5,Sta109,3号线,Dist5,22
Sta112,3号线,Dist5,Sta117,3号线,Dist5,22
Sta81,2号线,Dist2,Sta163,2号线,Dist1,22
Sta157,10号线,Dist8,Sta4,10号线,Dist5,22
Sta65,1号线,Dist3,Sta106,1号线,Dist3,22
Sta101,12号线,Dist8,Sta95,12号线,Dist5,22
Sta57,2号线,Dist4,Sta123,2号线,Dist2,22
Sta85,10号线,Dist5,Sta87,10号线,Dist8,22
Sta44,3号线,Dist5,Sta39,3号线,Dist5,22
Sta149,1号线,Dist3,Sta97,1号线,Dist3,22
Sta44,3号线,Dist5,Sta33,3号线,Dist5,22
Sta42,3号线,Dist5,Sta167,3号线,Dist5,22
Sta41,3号线,Dist6,Sta119,3号线,Dist7,22
Sta111,11号线,Dist5,Sta115,11号线,Dist5,22
Sta145,10号线,Dist5,Sta135,10号线,Dist5,22
Sta77,11号线,Dist10,Sta23,11号线,Dist5,22
Sta53,2号线,Dist1,Sta27,2号线,Dist2,22
Sta64,1号线,Dist3,Sta74,1号线,Dist3,22
Sta45,11号线,Dist5,Sta140,11号线,Dist5,22
Sta2,10号线,Dist5,Sta94,10号线,Dist5,22
Sta79,2号线,Dist1,Sta151,2号线,Dist2,22
Sta13,11号线,Dist5,Sta162,11号线,Dist5,22
Sta108,1号线,Dist1,Sta106,1号线,Dist3,22
Sta139,2号线,Dist5,Sta27,2号线,Dist2,22
Sta133,3号线,Dist6,Sta29,3号线,Dist8,22
Sta75,10号线,Dist5,Sta88,10号线,Dist5,22
Sta93,12号线,Dist6,Sta26,12号线,Dist5,22
Sta77,11号线,Dist10,Sta28,11号线,Dist10,22
Sta145,10号线,Dist5,Sta168,10号线,Dist5,22
Sta50,3号线,Dist7,Sta138,3号线,Dist6,22
Sta33,3号线,Dist5,Sta147,3号线,Dist5,22
Sta144,3号线,Dist6,Sta39,3号线,Dist5,22
Sta24,2号线,Dist6,Sta27,2号线,Dist2,22
Sta105,2号线,Dist4,Sta151,2号线,Dist2,22
Sta13,11号线,Dist5,Sta45,11号线,Dist5,22
Sta48,2号线,Dist2,Sta24,2号线,Dist6,22
Sta30,3号线,Dist6,Sta131,3号线,Dist5,23
Sta141,3号线,Dist5,Sta126,3号线,Dist1,23
Sta149,1号线,Dist3,Sta89,1号线,Dist3,23
Sta79,2号线,Dist1,Sta68,2号线,Dist4,23
Sta22,3号线,Dist6,Sta126,3号线,Dist1,23
Sta49,1号线,Dist3,Sta97,1号线,Dist3,23
Sta47,2号线,Dist1,Sta76,2号线,Dist4,23
Sta108,1号线,Dist1,Sta34,1号线,Dist3,23
Sta97,1号线,Dist3,Sta159,1号线,Dist1,23
Sta63,11号线,Dist1,Sta20,11号线,Dist5,23
Sta110,1号线,Dist3,Sta159,1号线,Dist1,23
Sta42,3号线,Dist5,Sta121,3号线,Dist5,23
Sta149,1号线,Dist3,Sta80,1号线,Dist3,23
Sta20,11号线,Dist5,Sta46,11号线,Dist8,23
Sta119,3号线,Dist7,Sta30,3号线,Dist6,23
Sta92,12号线,Dist6,Sta73,12号线,Dist2,23
Sta33,3号线,Dist5,Sta158,3号线,Dist5,23
Sta61,3号线,Dist7,Sta138,3号线,Dist6,23
Sta72,12号线,Dist6,Sta17,12号线,Dist8,23
Sta35,3号线,Dist5,Sta11,3号线,Dist5,23
Sta12,3号线,Dist7,Sta144,3号线,Dist6,23
Sta8,10号线,Dist5,Sta145,10号线,Dist5,23
Sta83,1号线,Dist2,Sta34,1号线,Dist3,23
Sta67,3号线,Dist6,Sta66,3号线,Dist7,23
Sta15,11号线,Dist8,Sta55,11号线,Dist5,23
Sta56,11号线,Dist5,Sta3,11号线,Dist6,23
Sta82,11号线,Dist5,Sta36,11号线,Dist10,23
Sta52,2号线,Dist4,Sta51,2号线,Dist7,23
Sta7,10号线,Dist5,Sta4,10号线,Dist5,23
Sta111,11号线,Dist5,Sta166,11号线,Dist10,23
Sta21,3号线,Dist7,Sta143,3号线,Dist7,24
Sta9,2号线,Dist1,Sta81,2号线,Dist2,24
Sta110,1号线,Dist3,Sta65,1号线,Dist3,24
Sta162,11号线,Dist5,Sta146,11号线,Dist6,24
Sta78,2号线,Dist1,Sta48,2号线,Dist2,24
Sta15,11号线,Dist8,Sta120,11号线,Dist6,24
Sta99,11号线,Dist10,Sta111,11号线,Dist5,24
Sta122,11号线,Dist10,Sta23,11号线,Dist5,24
Sta81,2号线,Dist2,Sta139,2号线,Dist5,24
Sta127,2号线,Dist2,Sta71,2号线,Dist4,24
Sta158,3号线,Dist5,Sta40,3号线,Dist5,24
Sta131,3号线,Dist5,Sta44,3号线,Dist5,24
Sta145,10号线,Dist5,Sta114,10号线,Dist5,24
Sta94,10号线,Dist5,Sta85,10号线,Dist5,24
Sta100,3号线,Dist5,Sta147,3号线,Dist5,24
Sta84,4号线,Dist5,Sta58,4号线,Dist8,24
Sta162,11号线,Dist5,Sta111,11号线,Dist5,24
Sta115,11号线,Dist5,Sta25,11号线,Dist6,24
Sta82,11号线,Dist5,Sta118,11号线,Dist5,24
Sta154,1号线,Dist3,Sta128,1号线,Dist3,24
Sta144,3号线,Dist6,Sta100,3号线,Dist5,24
Sta39,3号线,Dist5,Sta67,3号线,Dist6,24
Sta157,10号线,Dist8,Sta103,10号线,Dist5,24
Sta20,11号线,Dist5,Sta152,11号线,Dist1,24
Sta128,1号线,Dist3,Sta150,1号线,Dist3,24
Sta105,2号线,Dist4,Sta48,2号线,Dist2,24
Sta133,3号线,Dist6,Sta156,3号线,Dist7,24
Sta6,10号线,Dist5,Sta103,10号线,Dist5,24
Sta164,11号线,Dist5,Sta122,11号线,Dist10,24
Sta24,2号线,Dist6,Sta68,2号线,Dist4,24
Sta61,3号线,Dist7,Sta41,3号线,Dist6,25
Sta139,2号线,Dist5,Sta127,2号线,Dist2,25
Sta27,2号线,Dist2,Sta129,2号线,Dist1,25
Sta87,10号线,Dist8,Sta134,10号线,Dist5,25
Sta126,3号线,Dist1,Sta133,3号线,Dist6,25
Sta126,3号线,Dist1,Sta142,3号线,Dist5,25
Sta80,1号线,Dist3,Sta1,1号线,Dist1,25
Sta67,3号线,Dist6,Sta119,3号线,Dist7,25
Sta51,2号线,Dist7,Sta68,2号线,Dist4,25
Sta70,11号线,Dist5,Sta86,11号线,Dist8,25
Sta115,11号线,Dist5,Sta140,11号线,Dist5,25
Sta156,3号线,Dist7,Sta22,3号线,Dist6,25
Sta41,3号线,Dist6,Sta40,3号线,Dist5,25
Sta138,3号线,Dist6,Sta40,3号线,Dist5,25
Sta80,1号线,Dist3,Sta49,1号线,Dist3,25
Sta35,3号线,Dist5,Sta167,3号线,Dist5,25
Sta118,11号线,Dist5,Sta25,11号线,Dist6,25
Sta55,11号线,Dist5,Sta86,11号线,Dist8,25
Sta131,3号线,Dist5,Sta117,3号线,Dist5,25
Sta88,10号线,Dist5,Sta102,10号线,Dist5,25
Sta56,11号线,Dist5,Sta77,11号线,Dist10,25
Sta72,12号线,Dist6,Sta31,12号线,Dist8,25
Sta137,12号线,Dist3,Sta95,12号线,Dist5,25
Sta141,3号线,Dist5,Sta109,3号线,Dist5,25
Sta95,12号线,Dist5,Sta32,12号线,Dist6,25
Sta2,10号线,Dist5,Sta160,10号线,Dist5,25
Sta70,11号线,Dist5,Sta15,11号线,Dist8,25
Sta45,11号线,Dist5,Sta55,11号线,Dist5,25
Sta36,11号线,Dist10,Sta20,11号线,Dist5,25
Sta48,2号线,Dist2,Sta53,2号线,Dist1,25
Sta147,3号线,Dist5,Sta125,3号线,Dist5,25
Sta27,2号线,Dist2,Sta163,2号线,Dist1,25
Sta54,5号线,Dist5,Sta10,5号线,Dist5,25
Sta164,11号线,Dist5,Sta23,11号线,Dist5,25
Sta39,3号线,Dist5,Sta117,3号线,Dist5,25
Sta35,3号线,Dist5,Sta113,3号线,Dist5,25
Sta152,11号线,Dist1,Sta77,11号线,Dist10,25
Sta52,2号线,Dist4,Sta18,2号线,Dist1,25
Sta151,2号线,Dist2,Sta18,2号线,Dist1,25
Sta100,3号线,Dist5,Sta67,3号线,Dist6,26
Sta130,11号线,Dist6,Sta162,11号线,Dist5,26
Sta23,11号线,Dist5,Sta152,11号线,Dist1,26
Sta49,1号线,Dist3,Sta89,1号线,Dist3,26
Sta135,10号线,Dist5,Sta88,10号线,Dist5,26
Sta50,3号线,Dist7,Sta30,3号线,Dist6,26
Sta93,12号线,Dist6,Sta17,12号线,Dist8,26
Sta84,4号线,Dist5,Sta38,4号线,Dist8,26
Sta65,1号线,Dist3,Sta97,1号线,Dist3,26
Sta162,11号线,Dist5,Sta140,11号线,Dist5,26
Sta64,1号线,Dist3,Sta149,1号线,Dist3,26
Sta44,3号线,Dist5,Sta40,3号线,Dist5,26
Sta60,12号线,Dist2,Sta93,12号线,Dist6,26
Sta54,5号线,Dist5,Sta43,5号线,Dist5,26
Sta42,3号线,Dist5,Sta11,3号线,Dist5,26
Sta124,11号线,Dist10,Sta140,11号线,Dist5,26
Sta118,11号线,Dist5,Sta164,11号线,Dist5,26
Sta33,3号线,Dist5,Sta142,3号线,Dist5,26
Sta23,11号线,Dist5,Sta3,11号线,Dist6,26
Sta74,1号线,Dist3,Sta150,1号线,Dist3,26
Sta145,10号线,Dist5,Sta75,10号线,Dist5,26
Sta153,3号线,Dist5,Sta147,3号线,Dist5,26
Sta4,10号线,Dist5,Sta6,10号线,Dist5,26
Sta66,3号线,Dist7,Sta144,3号线,Dist6,26
Sta24,2号线,Dist6,Sta151,2号线,Dist2,26
Sta117,3号线,Dist5,Sta125,3号线,Dist5,26
Sta122,11号线,Dist10,Sta152,11号线,Dist1,26
Sta168,10号线,Dist5,Sta88,10号线,Dist5,27
Sta65,1号线,Dist3,Sta80,1号线,Dist3,27
Sta94,10号线,Dist5,Sta134,10号线,Dist5,27
Sta154,1号线,Dist3,Sta74,1号线,Dist3,27
Sta56,11号线,Dist5,Sta122,11号线,Dist10,27
Sta126,3号线,Dist1,Sta21,3号线,Dist7,27
Sta141,3号线,Dist5,Sta29,3号线,Dist8,27
Sta146,11号线,Dist6,Sta115,11号线,Dist5,27
Sta112,3号线,Dist5,Sta158,3号线,Dist5,27
Sta9,2号线,Dist1,Sta27,2号线,Dist2,27
Sta90,12号线,Dist5,Sta92,12号线,Dist6,27
Sta115,11号线,Dist5,Sta82,11号线,Dist5,27
Sta13,11号线,Dist5,Sta99,11号线,Dist10,27
Sta71,2号线,Dist4,Sta123,2号线,Dist2,27
Sta70,11号线,Dist5,Sta166,11号线,Dist10,27
Sta39,3号线,Dist5,Sta30,3号线,Dist6,27
Sta79,2号线,Dist1,Sta76,2号线,Dist4,27
Sta138,3号线,Dist6,Sta131,3号线,Dist5,27
Sta167,3号线,Dist5,Sta144,3号线,Dist6,27
Sta29,3号线,Dist8,Sta113,3号线,Dist5,27
Sta47,2号线,Dist1,Sta57,2号线,Dist4,27
Sta21,3号线,Dist7,Sta29,3号线,Dist8,27
Sta41,3号线,Dist6,Sta50,3号线,Dist7,27
Sta20,11号线,Dist5,Sta45,11号线,Dist5,27
Sta158,3号线,Dist5,Sta153,3号线,Dist5,27
Sta157,10号线,Dist8,Sta145,10号线,Dist5,27
Sta79,2号线,Dist1,Sta52,2号线,Dist4,27
Sta48,2号线,Dist2,Sta163,2号线,Dist1,27
Sta53,2号线,Dist1,Sta151,2号线,Dist2,27
Sta107,1号线,Dist2,Sta128,1号线,Dist3,27
Sta24,2号线,Dist6,Sta81,2号线,Dist2,27
Sta44,3号线,Dist5,Sta153,3号线,Dist5,27
Sta117,3号线,Dist5,Sta153,3号线,Dist5,27
Sta13,11号线,Dist5,Sta15,11号线,Dist8,27
Sta56,11号线,Dist5,Sta164,11号线,Dist5,27
Sta77,11号线,Dist10,Sta164,11号线,Dist5,27
Sta100,3号线,Dist5,Sta42,3号线,Dist5,28
Sta55,11号线,Dist5,Sta166,11号线,Dist10,28
Sta146,11号线,Dist6,Sta118,11号线,Dist5,28
Sta85,10号线,Dist5,Sta160,10号线,Dist5,28
Sta156,3号线,Dist7,Sta138,3号线,Dist6,28
Sta4,10号线,Dist5,Sta8,10号线,Dist5,28
Sta148,12号线,Dist2,Sta93,12号线,Dist6,28
Sta139,2号线,Dist5,Sta123,2号线,Dist2,28
Sta115,11号线,Dist5,Sta130,11号线,Dist6,28
Sta122,11号线,Dist10,Sta118,11号线,Dist5,28
Sta61,3号线,Dist7,Sta30,3号线,Dist6,28
Sta112,3号线,Dist5,Sta142,3号线,Dist5,28
Sta3,11号线,Dist6,Sta20,11号线,Dist5,28
Sta140,11号线,Dist5,Sta28,11号线,Dist10,28
Sta118,11号线,Dist5,Sta77,11号线,Dist10,28
Sta162,11号线,Dist5,Sta82,11号线,Dist5,28
Sta142,3号线,Dist5,Sta29,3号线,Dist8,28
Sta46,11号线,Dist8,Sta55,11号线,Dist5,28
Sta162,11号线,Dist5,Sta120,11号线,Dist6,28
Sta41,3号线,Dist6,Sta131,3号线,Dist5,28
Sta76,2号线,Dist4,Sta18,2号线,Dist1,28
Sta95,12号线,Dist5,Sta91,12号线,Dist6,28
Sta109,3号线,Dist5,Sta113,3号线,Dist5,28
Sta97,1号线,Dist3,Sta1,1号线,Dist1,28
Sta161,3号线,Dist7,Sta29,3号线,Dist8,28
Sta147,3号线,Dist5,Sta121,3号线,Dist5,28
Sta106,1号线,Dist3,Sta159,1号线,Dist1,28
Sta60,12号线,Dist2,Sta72,12号线,Dist6,28
Sta143,3号线,Dist7,Sta22,3号线,Dist6,28
Sta51,2号线,Dist7,Sta151,2号线,Dist2,28
Sta78,2号线,Dist1,Sta151,2号线,Dist2,28
Sta133,3号线,Dist6,Sta143,3号线,Dist7,28
Sta8,10号线,Dist5,Sta103,10号线,Dist5,28
Sta147,3号线,Dist5,Sta39,3号线,Dist5,28
Sta48,2号线,Dist2,Sta9,2号线,Dist1,29
Sta89,1号线,Dist3,Sta65,1号线,Dist3,29
Sta87,10号线,Dist8,Sta135,10号线,Dist5,29
Sta125,3号线,Dist5,Sta44,3号线,Dist5,29
Sta64,1号线,Dist3,Sta49,1号线,Dist3,29
Sta158,3号线,Dist5,Sta126,3号线,Dist1,29
Sta88,10号线,Dist5,Sta114,10号线,Dist5,29
Sta167,3号线,Dist5,Sta109,3号线,Dist5,29
Sta105,2号线,Dist4,Sta81,2号线,Dist2,29
Sta48,2号线,Dist2,Sta129,2号线,Dist1,29
Sta40,3号线,Dist5,Sta22,3号线,Dist6,29
Sta141,3号线,Dist5,Sta112,3号线,Dist5,29
Sta100,3号线,Dist5,Sta30,3号线,Dist6,29
Sta70,11号线,Dist5,Sta99,11号线,Dist10,29
Sta1,1号线,Dist1,Sta110,1号线,Dist3,29
Sta55,11号线,Dist5,Sta63,11号线,Dist1,29
Sta107,1号线,Dist2,Sta74,1号线,Dist3,29
Sta86,11号线,Dist8,Sta13,11号线,Dist5,29
Sta77,11号线,Dist10,Sta115,11号线,Dist5,29
Sta117,3号线,Dist5,Sta40,3号线,Dist5,29
Sta36,11号线,Dist10,Sta23,11号线,Dist5,29
Sta117,3号线,Dist5,Sta121,3号线,Dist5,29
Sta68,2号线,Dist4,Sta78,2号线,Dist1,29
Sta101,12号线,Dist8,Sta72,12号线,Dist6,29
Sta56,11号线,Dist5,Sta25,11号线,Dist6,29
Sta67,3号线,Dist6,Sta50,3号线,Dist7,29
Sta128,1号线,Dist3,Sta83,1号线,Dist2,29
Sta56,11号线,Dist5,Sta152,11号线,Dist1,29
Sta147,3号线,Dist5,Sta131,3号线,Dist5,29
Sta92,12号线,Dist6,Sta26,12号线,Dist5,29
Sta149,1号线,Dist3,Sta150,1号线,Dist3,29
Sta105,2号线,Dist4,Sta27,2号线,Dist2,29
Sta111,11号线,Dist5,Sta124,11号线,Dist10,29
Sta164,11号线,Dist5,Sta36,11号线,Dist10,29
Sta164,11号线,Dist5,Sta20,11号线,Dist5,29
Sta57,2号线,Dist4,Sta51,2号线,Dist7,29
Sta82,11号线,Dist5,Sta63,11号线,Dist1,30
Sta65,1号线,Dist3,Sta154,1号线,Dist3,30
Sta107,1号线,Dist2,Sta65,1号线,Dist3,30
Sta56,11号线,Dist5,Sta36,11号线,Dist10,30
Sta61,3号线,Dist7,Sta67,3号线,Dist6,30
Sta160,10号线,Dist5,Sta134,10号线,Dist5,30
Sta120,11号线,Dist6,Sta118,11号线,Dist5,30
Sta153,3号线,Dist5,Sta126,3号线,Dist1,30
Sta67,3号线,Dist6,Sta141,3号线,Dist5,30
Sta133,3号线,Dist6,Sta40,3号线,Dist5,30
Sta126,3号线,Dist1,Sta42,3号线,Dist5,30
Sta42,3号线,Dist5,Sta161,3号线,Dist7,30
Sta122,11号线,Dist10,Sta63,11号线,Dist1,30
Sta146,11号线,Dist6,Sta56,11号线,Dist5,30
Sta74,1号线,Dist3,Sta1,1号线,Dist1,30
Sta126,3号线,Dist1,Sta12,3号线,Dist7,30
Sta109,3号线,Dist5,Sta126,3号线,Dist1,30
Sta94,10号线,Dist5,Sta135,10号线,Dist5,30
Sta112,3号线,Dist5,Sta126,3号线,Dist1,30
Sta23,11号线,Dist5,Sta99,11号线,Dist10,30
Sta107,1号线,Dist2,Sta49,1号线,Dist3,30
Sta30,3号线,Dist6,Sta158,3号线,Dist5,30
Sta122,11号线,Dist10,Sta115,11号线,Dist5,30
Sta68,2号线,Dist4,Sta9,2号线,Dist1,30
Sta12,3号线,Dist7,Sta40,3号线,Dist5,30
Sta61,3号线,Dist7,Sta126,3号线,Dist1,30
Sta167,3号线,Dist5,Sta11,3号线,Dist5,30
Sta130,11号线,Dist6,Sta20,11号线,Dist5,30
Sta140,11号线,Dist5,Sta63,11号线,Dist1,30
Sta115,11号线,Dist5,Sta120,11号线,Dist6,30
Sta61,3号线,Dist7,Sta142,3号线,Dist5,30
Sta126,3号线,Dist1,Sta35,3号线,Dist5,30
Sta70,11号线,Dist5,Sta63,11号线,Dist1,30
Sta44,3号线,Dist5,Sta126,3号线,Dist1,30
Sta66,3号线,Dist7,Sta126,3号线,Dist1,30
Sta101,12号线,Dist8,Sta32,12号线,Dist6,30
Sta99,11号线,Dist10,Sta55,11号线,Dist5,30
Sta151,2号线,Dist2,Sta9,2号线,Dist1,30
Sta129,2号线,Dist1,Sta68,2号线,Dist4,30
Sta67,3号线,Dist6,Sta143,3号线,Dist7,30
Sta30,3号线,Dist6,Sta141,3号线,Dist5,30
Sta72,12号线,Dist6,Sta148,12号线,Dist2,30
Sta51,2号线,Dist7,Sta47,2号线,Dist1,30
Sta126,3号线,Dist1,Sta125,3号线,Dist5,30
Sta167,3号线,Dist5,Sta67,3号线,Dist6,30
Sta121,3号线,Dist5,Sta44,3号线,Dist5,30
Sta142,3号线,Dist5,Sta67,3号线,Dist6,30
Sta51,2号线,Dist7,Sta81,2号线,Dist2,30
Sta65,1号线,Dist3,Sta108,1号线,Dist1,30
Sta99,11号线,Dist10,Sta63,11号线,Dist1,30
Sta100,3号线,Dist5,Sta109,3号线,Dist5,30
Sta74,1号线,Dist3,Sta108,1号线,Dist1,30
Sta114,10号线,Dist5,Sta87,10号线,Dist8,30
Sta135,10号线,Dist5,Sta160,10号线,Dist5,30
Sta44,3号线,Dist5,Sta144,3号线,Dist6,30
Sta1,1号线,Dist1,Sta65,1号线,Dist3,30
Sta68,2号线,Dist4,Sta53,2号线,Dist1,30
Sta29,3号线,Dist8,Sta12,3号线,Dist7,30
Sta124,11号线,Dist10,Sta20,11号线,Dist5,30
Sta41,3号线,Dist6,Sta158,3号线,Dist5,30
Sta144,3号线,Dist6,Sta61,3号线,Dist7,30
Sta29,3号线,Dist8,Sta35,3号线,Dist5,30
Sta64,1号线,Dist3,Sta65,1号线,Dist3,30
Sta138,3号线,Dist6,Sta100,3号线,Dist5,30
Sta126,3号线,Dist1,Sta119,3号线,Dist7,30
Sta161,3号线,Dist7,Sta113,3号线,Dist5,30
Sta79,2号线,Dist1,Sta105,2号线,Dist4,30
Sta100,3号线,Dist5,Sta61,3号线,Dist7,30
Sta9,2号线,Dist1,Sta76,2号线,Dist4,30
Sta130,11号线,Dist6,Sta56,11号线,Dist5,30
Sta63,11号线,Dist1,Sta28,11号线,Dist10,30
Sta129,2号线,Dist1,Sta52,2号线,Dist4,30
Sta129,2号线,Dist1,Sta76,2号线,Dist4,30
Sta30,3号线,Dist6,Sta142,3号线,Dist5,30
Sta108,1号线,Dist1,Sta49,1号线,Dist3,30
Sta100,3号线,Dist5,Sta35,3号线,Dist5,30
Sta156,3号线,Dist7,Sta41,3号线,Dist6,30
Sta70,11号线,Dist5,Sta120,11号线,Dist6,30
Sta61,3号线,Dist7,Sta40,3号线,Dist5,30
Sta158,3号线,Dist5,Sta67,3号线,Dist6,30
Sta99,11号线,Dist10,Sta115,11号线,Dist5,30
Sta117,3号线,Dist5,Sta126,3号线,Dist1,30
Sta41,3号线,Dist6,Sta143,3号线,Dist7,30
Sta121,3号线,Dist5,Sta141,3号线,Dist5,30
Sta161,3号线,Dist7,Sta39,3号线,Dist5,30
Sta30,3号线,Dist6,Sta121,3号线,Dist5,30
Sta126,3号线,Dist1,Sta161,3号线,Dist7,30
Sta121,3号线,Dist5,Sta142,3号线,Dist5,30
Sta167,3号线,Dist5,Sta41,3号线,Dist6,30
Sta146,11号线,Dist6,Sta70,11号线,Dist5,30
Sta20,11号线,Dist5,Sta120,11号线,Dist6,30
Sta143,3号线,Dist7,Sta30,3号线,Dist6,30
Sta109,3号线,Dist5,Sta41,3号线,Dist6,30
Sta130,11号线,Dist6,Sta118,11号线,Dist5,30
Sta20,11号线,Dist5,Sta99,11号线,Dist10,30
Sta146,11号线,Dist6,Sta23,11号线,Dist5,30
Sta124,11号线,Dist10,Sta115,11号线,Dist5,30
Sta121,3号线,Dist5,Sta126,3号线,Dist1,30
Sta151,2号线,Dist2,Sta129,2号线,Dist1,30
Sta75,10号线,Dist5,Sta4,10号线,Dist5,30
Sta146,11号线,Dist6,Sta20,11号线,Dist5,30
Sta56,11号线,Dist5,Sta28,11号线,Dist10,30
Sta40,3号线,Dist5,Sta112,3号线,Dist5,30
Sta12,3号线,Dist7,Sta39,3号线,Dist5,30
Sta95,12号线,Dist5,Sta136,12号线,Dist3,30
Sta23,11号线,Dist5,Sta28,11号线,Dist10,30
Sta51,2号线,Dist7,Sta9,2号线,Dist1,30
Sta76,2号线,Dist4,Sta163,2号线,Dist1,30
Sta139,2号线,Dist5,Sta163,2号线,Dist1,30
Sta115,11号线,Dist5,Sta28,11号线,Dist10,30
Sta30,3号线,Dist6,Sta35,3号线,Dist5,30
Sta87,10号线,Dist8,Sta157,10号线,Dist8,30
Sta40,3号线,Dist5,Sta121,3号线,Dist5,30
Sta141,3号线,Dist5,Sta33,3号线,Dist5,30
Sta87,10号线,Dist8,Sta168,10号线,Dist5,30
Sta146,11号线,Dist6,Sta122,11号线,Dist10,30
Sta141,3号线,Dist5,Sta12,3号线,Dist7,30
Sta146,11号线,Dist6,Sta99,11号线,Dist10,30
Sta160,10号线,Dist5,Sta157,10号线,Dist8,30
Sta147,3号线,Dist5,Sta40,3号线,Dist5,30
Sta42,3号线,Dist5,Sta30,3号线,Dist6,30
Sta29,3号线,Dist8,Sta158,3号线,Dist5,30
Sta156,3号线,Dist7,Sta42,3号线,Dist5,30
Sta23,11号线,Dist5,Sta120,11号线,Dist6,30
Sta139,2号线,Dist5,Sta129,2号线,Dist1,30
Sta114,10号线,Dist5,Sta7,10号线,Dist5,30
Sta28,11号线,Dist10,Sta70,11号线,Dist5,30
Sta125,3号线,Dist5,Sta30,3号线,Dist6,30
Sta130,11号线,Dist6,Sta99,11号线,Dist10,30
Sta82,11号线,Dist5,Sta99,11号线,Dist10,30
Sta163,2号线,Dist1,Sta51,2号线,Dist7,30
Sta160,10号线,Dist5,Sta114,10号线,Dist5,30
Sta113,3号线,Dist5,Sta121,3号线,Dist5,30
Sta167,3号线,Dist5,Sta30,3号线,Dist6,30
Sta55,11号线,Dist5,Sta146,11号线,Dist6,30
Sta67,3号线,Dist6,Sta156,3号线,Dist7,30
Sta112,3号线,Dist5,Sta113,3号线,Dist5,30
Sta142,3号线,Dist5,Sta125,3号线,Dist5,30
Sta109,3号线,Dist5,Sta40,3号线,Dist5,30
Sta146,11号线,Dist6,Sta111,11号线,Dist5,30
Sta63,11号线,Dist1,Sta152,11号线,Dist1,30
Sta112,3号线,Dist5,Sta67,3号线,Dist6,30
Sta131,3号线,Dist5,Sta66,3号线,Dist7,30
Sta126,3号线,Dist1,Sta156,3号线,Dist7,30
Sta40,3号线,Dist5,Sta35,3号线,Dist5,30
Sta131,3号线,Dist5,Sta125,3号线,Dist5,30
Sta159,1号线,Dist1,Sta49,1号线,Dist3,30
Sta121,3号线,Dist5,Sta29,3号线,Dist8,30
Sta167,3号线,Dist5,Sta121,3号线,Dist5,30
Sta150,1号线,Dist3,Sta49,1号线,Dist3,30
Sta42,3号线,Dist5,Sta39,3号线,Dist5,30
Sta112,3号线,Dist5,Sta100,3号线,Dist5,30
Sta154,1号线,Dist3,Sta149,1号线,Dist3,30
Sta109,3号线,Dist5,Sta67,3号线,Dist6,30
Sta120,11号线,Dist6,Sta99,11号线,Dist10,30
Sta113,3号线,Dist5,Sta33,3号线,Dist5,30
Sta139,2号线,Dist5,Sta47,2号线,Dist1,30
Sta144,3号线,Dist6,Sta109,3号线,Dist5,30
Sta35,3号线,Dist5,Sta41,3号线,Dist6,30
Sta47,2号线,Dist1,Sta71,2号线,Dist4,30
Sta127,2号线,Dist2,Sta24,2号线,Dist6,30
Sta46,11号线,Dist8,Sta99,11号线,Dist10,30
Sta117,3号线,Dist5,Sta30,3号线,Dist6,30
Sta131,3号线,Dist5,Sta112,3号线,Dist5,30
Sta99,11号线,Dist10,Sta45,11号线,Dist5,30
Sta121,3号线,Dist5,Sta67,3号线,Dist6,30
Sta109,3号线,Dist5,Sta29,3号线,Dist8,30
Sta2,10号线,Dist5,Sta102,10号线,Dist5,30
Sta124,11号线,Dist10,Sta118,11号线,Dist5,30
Sta109,3号线,Dist5,Sta50,3号线,Dist7,30
Sta18,2号线,Dist1,Sta57,2号线,Dist4,30
Sta48,2号线,Dist2,Sta51,2号线,Dist7,30
Sta44,3号线,Dist5,Sta12,3号线,Dist7,30
Sta125,3号线,Dist5,Sta39,3号线,Dist5,30
Sta119,3号线,Dist7,Sta144,3号线,Dist6,30
Sta121,3号线,Dist5,Sta61,3号线,Dist7,30
Sta111,11号线,Dist5,Sta86,11号线,Dist8,30
Sta50,3号线,Dist7,Sta142,3号线,Dist5,30
Sta112,3号线,Dist5,Sta144,3号线,Dist6,30
Sta148,12号线,Dist2,Sta26,12号线,Dist5,30
Sta148,12号线,Dist2,Sta136,12号线,Dist3,30
Sta109,3号线,Dist5,Sta161,3号线,Dist7,30
Sta153,3号线,Dist5,Sta67,3号线,Dist6,30
Sta7,10号线,Dist5,Sta2,10号线,Dist5,30
Sta42,3号线,Dist5,Sta50,3号线,Dist7,30
Sta165,4号线,Dist8,Sta58,4号线,Dist8,30
Sta163,2号线,Dist1,Sta68,2号线,Dist4,31
Sta143,3号线,Dist7,Sta138,3号线,Dist6,31
Sta52,2号线,Dist4,Sta53,2号线,Dist1,31
Sta83,1号线,Dist2,Sta74,1号线,Dist3,31
Sta153,3号线,Dist5,Sta142,3号线,Dist5,31
Sta7,10号线,Dist5,Sta85,10号线,Dist5,31
Sta28,11号线,Dist10,Sta13,11号线,Dist5,31
Sta138,3号线,Dist6,Sta39,3号线,Dist5,31
Sta147,3号线,Dist5,Sta11,3号线,Dist5,31
Sta25,11号线,Dist6,Sta23,11号线,Dist5,31
Sta166,11号线,Dist10,Sta82,11号线,Dist5,31
Sta57,2号线,Dist4,Sta79,2号线,Dist1,31
Sta28,11号线,Dist10,Sta111,11号线,Dist5,31
Sta93,12号线,Dist6,Sta73,12号线,Dist2,31
Sta131,3号线,Dist5,Sta42,3号线,Dist5,31
Sta39,3号线,Dist5,Sta41,3号线,Dist6,31
Sta45,11号线,Dist5,Sta23,11号线,Dist5,31
Sta46,11号线,Dist8,Sta70,11号线,Dist5,31
Sta152,11号线,Dist1,Sta118,11号线,Dist5,31
Sta131,3号线,Dist5,Sta22,3号线,Dist6,31
Sta34,1号线,Dist3,Sta159,1号线,Dist1,31
Sta163,2号线,Dist1,Sta151,2号线,Dist2,32
Sta149,1号线,Dist3,Sta107,1号线,Dist2,32
Sta36,11号线,Dist10,Sta118,11号线,Dist5,32
Sta30,3号线,Dist6,Sta156,3号线,Dist7,32
Sta158,3号线,Dist5,Sta125,3号线,Dist5,32
Sta49,1号线,Dist3,Sta154,1号线,Dist3,32
Sta164,11号线,Dist5,Sta115,11号线,Dist5,32
Sta137,12号线,Dist3,Sta72,12号线,Dist6,32
Sta166,11号线,Dist10,Sta20,11号线,Dist5,32
Sta108,1号线,Dist1,Sta128,1号线,Dist3,32
Sta93,12号线,Dist6,Sta31,12号线,Dist8,32
Sta77,11号线,Dist10,Sta162,11号线,Dist5,32
Sta127,2号线,Dist2,Sta105,2号线,Dist4,32
Sta24,2号线,Dist6,Sta123,2号线,Dist2,32
Sta51,2号线,Dist7,Sta27,2号线,Dist2,32
Sta103,10号线,Dist5,Sta75,10号线,Dist5,32
Sta70,11号线,Dist5,Sta124,11号线,Dist10,32
Sta162,11号线,Dist5,Sta164,11号线,Dist5,32
Sta45,11号线,Dist5,Sta56,11号线,Dist5,32
Sta113,3号线,Dist5,Sta144,3号线,Dist6,32
Sta15,11号线,Dist8,Sta111,11号线,Dist5,32
Sta78,2号线,Dist1,Sta76,2号线,Dist4,33
Sta2,10号线,Dist5,Sta8,10号线,Dist5,33
Sta17,12号线,Dist8,Sta92,12号线,Dist6,33
Sta157,10号线,Dist8,Sta88,10号线,Dist5,33
Sta20,11号线,Dist5,Sta25,11号线,Dist6,33
Sta41,3号线,Dist6,Sta100,3号线,Dist5,33
Sta94,10号线,Dist5,Sta168,10号线,Dist5,33
Sta7,10号线,Dist5,Sta134,10号线,Dist5,33
Sta55,11号线,Dist5,Sta3,11号线,Dist6,33
Sta21,3号线,Dist7,Sta40,3号线,Dist5,33
Sta72,12号线,Dist6,Sta73,12号线,Dist2,33
Sta63,11号线,Dist1,Sta13,11号线,Dist5,33
Sta29,3号线,Dist8,Sta66,3号线,Dist7,33
Sta39,3号线,Dist5,Sta22,3号线,Dist6,33
Sta13,11号线,Dist5,Sta46,11号线,Dist8,33
Sta1,1号线,Dist1,Sta106,1号线,Dist3,33
Sta6,10号线,Dist5,Sta85,10号线,Dist5,33
Sta52,2号线,Dist4,Sta78,2号线,Dist1,33
Sta15,11号线,Dist8,Sta140,11号线,Dist5,33
Sta90,12号线,Dist5,Sta116,12号线,Dist6,33
Sta152,11号线,Dist1,Sta36,11号线,Dist10,33
Sta32,12号线,Dist6,Sta90,12号线,Dist5,34
Sta40,3号线,Dist5,Sta42,3号线,Dist5,34
Sta35,3号线,Dist5,Sta39,3号线,Dist5,34
Sta53,2号线,Dist1,Sta76,2号线,Dist4,34
Sta113,3号线,Dist5,Sta67,3号线,Dist6,34
Sta35,3号线,Dist5,Sta131,3号线,Dist5,34
Sta121,3号线,Dist5,Sta158,3号线,Dist5,34
Sta115,11号线,Dist5,Sta152,11号线,Dist1,34
Sta141,3号线,Dist5,Sta153,3号线,Dist5,34
Sta82,11号线,Dist5,Sta15,11号线,Dist8,34
Sta114,10号线,Dist5,Sta94,10号线,Dist5,34
Sta163,2号线,Dist1,Sta52,2号线,Dist4,34
Sta86,11号线,Dist8,Sta140,11号线,Dist5,34
Sta33,3号线,Dist5,Sta167,3号线,Dist5,34
Sta26,12号线,Dist5,Sta116,12号线,Dist6,34
Sta160,10号线,Dist5,Sta168,10号线,Dist5,35
Sta52,2号线,Dist4,Sta9,2号线,Dist1,35
Sta6,10号线,Dist5,Sta134,10号线,Dist5,35
Sta40,3号线,Dist5,Sta161,3号线,Dist7,35
Sta44,3号线,Dist5,Sta29,3号线,Dist8,35
Sta141,3号线,Dist5,Sta144,3号线,Dist6,35
Sta122,11号线,Dist10,Sta162,11号线,Dist5,35
Sta93,12号线,Dist6,Sta137,12号线,Dist3,35
Sta70,11号线,Dist5,Sta3,11号线,Dist6,35
Sta149,1号线,Dist3,Sta83,1号线,Dist2,35
Sta11,3号线,Dist5,Sta44,3号线,Dist5,35
Sta133,3号线,Dist6,Sta131,3号线,Dist5,35
Sta164,11号线,Dist5,Sta99,11号线,Dist10,35
Sta95,12号线,Dist5,Sta60,12号线,Dist2,35
Sta55,11号线,Dist5,Sta124,11号线,Dist10,35
Sta79,2号线,Dist1,Sta71,2号线,Dist4,35
Sta1,1号线,Dist1,Sta34,1号线,Dist3,35
Sta105,2号线,Dist4,Sta123,2号线,Dist2,35
Sta45,11号线,Dist5,Sta122,11号线,Dist10,35
Sta93,12号线,Dist6,Sta101,12号线,Dist8,35
Sta50,3号线,Dist7,Sta144,3号线,Dist6,35
Sta22,3号线,Dist6,Sta100,3号线,Dist5,36
Sta113,3号线,Dist5,Sta30,3号线,Dist6,36
Sta90,12号线,Dist5,Sta91,12号线,Dist6,36
Sta115,11号线,Dist5,Sta36,11号线,Dist10,36
Sta150,1号线,Dist3,Sta65,1号线,Dist3,36
Sta31,12号线,Dist8,Sta92,12号线,Dist6,36
Sta23,11号线,Dist5,Sta130,11号线,Dist6,36
Sta11,3号线,Dist5,Sta158,3号线,Dist5,36
Sta28,11号线,Dist10,Sta55,11号线,Dist5,36
Sta112,3号线,Dist5,Sta167,3号线,Dist5,36
Sta8,10号线,Dist5,Sta85,10号线,Dist5,36
Sta131,3号线,Dist5,Sta21,3号线,Dist7,36
Sta152,11号线,Dist1,Sta99,11号线,Dist10,36
Sta6,10号线,Dist5,Sta2,10号线,Dist5,36
Sta82,11号线,Dist5,Sta28,11号线,Dist10,37
Sta157,10号线,Dist8,Sta94,10号线,Dist5,37
Sta149,1号线,Dist3,Sta108,1号线,Dist1,37
Sta166,11号线,Dist10,Sta23,11号线,Dist5,37
Sta95,12号线,Dist5,Sta148,12号线,Dist2,37
Sta120,11号线,Dist6,Sta56,11号线,Dist5,37
Sta29,3号线,Dist8,Sta119,3号线,Dist7,37
Sta111,11号线,Dist5,Sta63,11号线,Dist1,37
Sta51,2号线,Dist7,Sta127,2号线,Dist2,37
Sta142,3号线,Dist5,Sta144,3号线,Dist6,37
Sta26,12号线,Dist5,Sta32,12号线,Dist6,37
Sta162,11号线,Dist5,Sta36,11号线,Dist10,37
Sta75,10号线,Dist5,Sta2,10号线,Dist5,37
Sta17,12号线,Dist8,Sta116,12号线,Dist6,37
Sta162,11号线,Dist5,Sta152,11号线,Dist1,37
Sta77,11号线,Dist10,Sta15,11号线,Dist8,38
Sta26,12号线,Dist5,Sta91,12号线,Dist6,38
Sta49,1号线,Dist3,Sta83,1号线,Dist2,38
Sta136,12号线,Dist3,Sta72,12号线,Dist6,38
Sta109,3号线,Dist5,Sta131,3号线,Dist5,38
Sta126,3号线,Dist1,Sta147,3号线,Dist5,38
Sta124,11号线,Dist10,Sta82,11号线,Dist5,38
Sta82,11号线,Dist5,Sta86,11号线,Dist8,38
Sta25,11号线,Dist6,Sta55,11号线,Dist5,38
Sta156,3号线,Dist7,Sta144,3号线,Dist6,38
Sta41,3号线,Dist6,Sta113,3号线,Dist5,38
Sta159,1号线,Dist1,Sta128,1号线,Dist3,38
Sta167,3号线,Dist5,Sta138,3号线,Dist6,38
Sta57,2号线,Dist4,Sta53,2号线,Dist1,38
Sta105,2号线,Dist4,Sta47,2号线,Dist1,38
Sta118,11号线,Dist5,Sta45,11号线,Dist5,38
Sta18,2号线,Dist1,Sta71,2号线,Dist4,38
Sta13,11号线,Dist5,Sta3,11号线,Dist6,38
Sta24,2号线,Dist6,Sta47,2号线,Dist1,38
Sta46,11号线,Dist8,Sta111,11号线,Dist5,38
Sta139,2号线,Dist5,Sta18,2号线,Dist1,39
Sta141,3号线,Dist5,Sta125,3号线,Dist5,39
Sta133,3号线,Dist6,Sta100,3号线,Dist5,39
Sta7,10号线,Dist5,Sta135,10号线,Dist5,39
Sta139,2号线,Dist5,Sta79,2号线,Dist1,39
Sta142,3号线,Dist5,Sta11,3号线,Dist5,39
Sta159,1号线,Dist1,Sta74,1号线,Dist3,39
Sta8,10号线,Dist5,Sta134,10号线,Dist5,39
Sta166,11号线,Dist10,Sta56,11号线,Dist5,39
Sta115,11号线,Dist5,Sta45,11号线,Dist5,39
Sta117,3号线,Dist5,Sta29,3号线,Dist8,39
Sta109,3号线,Dist5,Sta39,3号线,Dist5,39
Sta11,3号线,Dist5,Sta117,3号线,Dist5,39
Sta133,3号线,Dist6,Sta39,3号线,Dist5,39
Sta31,12号线,Dist8,Sta116,12号线,Dist6,39
Sta131,3号线,Dist5,Sta161,3号线,Dist7,39
Sta3,11号线,Dist6,Sta111,11号线,Dist5,39
Sta102,10号线,Dist5,Sta103,10号线,Dist5,39
Sta28,11号线,Dist10,Sta20,11号线,Dist5,40
Sta99,11号线,Dist10,Sta56,11号线,Dist5,40
Sta7,10号线,Dist5,Sta168,10号线,Dist5,40
Sta122,11号线,Dist10,Sta15,11号线,Dist8,40
Sta70,11号线,Dist5,Sta25,11号线,Dist6,40
Sta57,2号线,Dist4,Sta163,2号线,Dist1,40
Sta135,10号线,Dist5,Sta6,10号线,Dist5,40
Sta78,2号线,Dist1,Sta71,2号线,Dist4,40
Sta57,2号线,Dist4,Sta78,2号线,Dist1,40
Sta46,11号线,Dist8,Sta140,11号线,Dist5,40
Sta92,12号线,Dist6,Sta101,12号线,Dist8,40
Sta100,3号线,Dist5,Sta33,3号线,Dist5,40
Sta15,11号线,Dist8,Sta164,11号线,Dist5,40
Sta93,12号线,Dist6,Sta136,12号线,Dist3,41
Sta9,2号线,Dist1,Sta57,2号线,Dist4,41
Sta6,10号线,Dist5,Sta168,10号线,Dist5,41
Sta65,1号线,Dist3,Sta83,1号线,Dist2,41
Sta17,12号线,Dist8,Sta32,12号线,Dist6,41
Sta123,2号线,Dist2,Sta51,2号线,Dist7,41
Sta73,12号线,Dist2,Sta95,12号线,Dist5,41
Sta100,3号线,Dist5,Sta21,3号线,Dist7,41
Sta166,11号线,Dist10,Sta118,11号线,Dist5,41
Sta153,3号线,Dist5,Sta113,3号线,Dist5,41
Sta45,11号线,Dist5,Sta162,11号线,Dist5,41
Sta167,3号线,Dist5,Sta22,3号线,Dist6,41
Sta131,3号线,Dist5,Sta12,3号线,Dist7,41
Sta85,10号线,Dist5,Sta75,10号线,Dist5,41
Sta1,1号线,Dist1,Sta128,1号线,Dist3,41
Sta113,3号线,Dist5,Sta125,3号线,Dist5,41
Sta77,11号线,Dist10,Sta86,11号线,Dist8,41
Sta29,3号线,Dist8,Sta50,3号线,Dist7,41
Sta13,11号线,Dist5,Sta25,11号线,Dist6,41
Sta85,10号线,Dist5,Sta102,10号线,Dist5,41
Sta53,2号线,Dist1,Sta71,2号线,Dist4,41
Sta167,3号线,Dist5,Sta125,3号线,Dist5,42
Sta99,11号线,Dist10,Sta118,11号线,Dist5,42
Sta75,10号线,Dist5,Sta134,10号线,Dist5,42
Sta122,11号线,Dist10,Sta86,11号线,Dist8,42
Sta71,2号线,Dist4,Sta163,2号线,Dist1,42
Sta50,3号线,Dist7,Sta126,3号线,Dist1,42
Sta23,11号线,Dist5,Sta124,11号线,Dist10,42
Sta21,3号线,Dist7,Sta39,3号线,Dist5,42
Sta133,3号线,Dist6,Sta167,3号线,Dist5,42
Sta40,3号线,Dist5,Sta66,3号线,Dist7,42
Sta149,1号线,Dist3,Sta159,1号线,Dist1,42
Sta147,3号线,Dist5,Sta29,3号线,Dist8,42
Sta100,3号线,Dist5,Sta161,3号线,Dist7,42
Sta144,3号线,Dist6,Sta143,3号线,Dist7,42
Sta18,2号线,Dist1,Sta105,2号线,Dist4,42
Sta55,11号线,Dist5,Sta120,11号线,Dist6,43
Sta33,3号线,Dist5,Sta131,3号线,Dist5,43
Sta61,3号线,Dist7,Sta29,3号线,Dist8,43
Sta57,2号线,Dist4,Sta129,2号线,Dist1,43
Sta168,10号线,Dist5,Sta8,10号线,Dist5,43
Sta82,11号线,Dist5,Sta46,11号线,Dist8,43
Sta41,3号线,Dist6,Sta142,3号线,Dist5,43
Sta63,11号线,Dist1,Sta164,11号线,Dist5,43
Sta31,12号线,Dist8,Sta32,12号线,Dist6,43
Sta114,10号线,Dist5,Sta6,10号线,Dist5,43
Sta11,3号线,Dist5,Sta141,3号线,Dist5,43
Sta36,11号线,Dist10,Sta15,11号线,Dist8,43
Sta29,3号线,Dist8,Sta42,3号线,Dist5,43
Sta137,12号线,Dist3,Sta92,12号线,Dist6,43
Sta82,11号线,Dist5,Sta3,11号线,Dist6,43
Sta141,3号线,Dist5,Sta41,3号线,Dist6,43
Sta144,3号线,Dist6,Sta158,3号线,Dist5,43
Sta24,2号线,Dist6,Sta79,2号线,Dist1,43
Sta28,11号线,Dist10,Sta152,11号线,Dist1,43
Sta130,11号线,Dist6,Sta55,11号线,Dist5,43
Sta8,10号线,Dist5,Sta135,10号线,Dist5,43
Sta138,3号线,Dist6,Sta141,3号线,Dist5,44
Sta77,11号线,Dist10,Sta63,11号线,Dist1,44
Sta40,3号线,Dist5,Sta119,3号线,Dist7,44
Sta130,11号线,Dist6,Sta70,11号线,Dist5,44
Sta162,11号线,Dist5,Sta166,11号线,Dist10,44
Sta91,12号线,Dist6,Sta17,12号线,Dist8,44
Sta115,11号线,Dist5,Sta166,11号线,Dist10,44
Sta7,10号线,Dist5,Sta157,10号线,Dist8,44
Sta60,12号线,Dist2,Sta90,12号线,Dist5,44
Sta167,3号线,Dist5,Sta153,3号线,Dist5,44
Sta164,11号线,Dist5,Sta28,11号线,Dist10,44
Sta138,3号线,Dist6,Sta113,3号线,Dist5,44
Sta134,10号线,Dist5,Sta102,10号线,Dist5,45
Sta122,11号线,Dist10,Sta46,11号线,Dist8,45
Sta22,3号线,Dist6,Sta141,3号线,Dist5,45
Sta67,3号线,Dist6,Sta44,3号线,Dist5,45
Sta140,11号线,Dist5,Sta3,11号线,Dist6,45
Sta36,11号线,Dist10,Sta86,11号线,Dist8,45
Sta9,2号线,Dist1,Sta71,2号线,Dist4,45
Sta45,11号线,Dist5,Sta46,11号线,Dist8,45
Sta39,3号线,Dist5,Sta33,3号线,Dist5,45
Sta129,2号线,Dist1,Sta71,2号线,Dist4,45
Sta12,3号线,Dist7,Sta100,3号线,Dist5,45
Sta21,3号线,Dist7,Sta167,3号线,Dist5,45
Sta90,12号线,Dist5,Sta148,12号线,Dist2,45
Sta152,11号线,Dist1,Sta46,11号线,Dist8,45
Sta53,2号线,Dist1,Sta139,2号线,Dist5,45
Sta124,11号线,Dist10,Sta56,11号线,Dist5,45
Sta15,11号线,Dist8,Sta45,11号线,Dist5,45
Sta29,3号线,Dist8,Sta156,3号线,Dist7,46
Sta153,3号线,Dist5,Sta100,3号线,Dist5,46
Sta8,10号线,Dist5,Sta114,10号线,Dist5,46
Sta113,3号线,Dist5,Sta22,3号线,Dist6,46
Sta39,3号线,Dist5,Sta66,3号线,Dist7,46
Sta26,12号线,Dist5,Sta60,12号线,Dist2,46
Sta162,11号线,Dist5,Sta99,11号线,Dist10,47
Sta30,3号线,Dist6,Sta44,3号线,Dist5,47
Sta159,1号线,Dist1,Sta65,1号线,Dist3,47
Sta6,10号线,Dist5,Sta157,10号线,Dist8,47
Sta142,3号线,Dist5,Sta138,3号线,Dist6,47
Sta31,12号线,Dist8,Sta91,12号线,Dist6,47
Sta119,3号线,Dist7,Sta131,3号线,Dist5,47
Sta114,10号线,Dist5,Sta75,10号线,Dist5,47
Sta33,3号线,Dist5,Sta40,3号线,Dist5,47
Sta167,3号线,Dist5,Sta161,3号线,Dist7,47
Sta166,11号线,Dist10,Sta152,11号线,Dist1,47
Sta45,11号线,Dist5,Sta166,11号线,Dist10,47
Sta40,3号线,Dist5,Sta50,3号线,Dist7,48
Sta146,11号线,Dist6,Sta13,11号线,Dist5,48
Sta12,3号线,Dist7,Sta167,3号线,Dist5,48
Sta142,3号线,Dist5,Sta22,3号线,Dist6,48
Sta92,12号线,Dist6,Sta136,12号线,Dist3,48
Sta118,11号线,Dist5,Sta28,11号线,Dist10,48
Sta100,3号线,Dist5,Sta125,3号线,Dist5,48
Sta73,12号线,Dist2,Sta90,12号线,Dist5,48
Sta9,2号线,Dist1,Sta139,2号线,Dist5,48
Sta15,11号线,Dist8,Sta152,11号线,Dist1,48
Sta67,3号线,Dist6,Sta117,3号线,Dist5,48
Sta39,3号线,Dist5,Sta112,3号线,Dist5,48
Sta124,11号线,Dist10,Sta45,11号线,Dist5,48
Sta147,3号线,Dist5,Sta144,3号线,Dist6,48
Sta75,10号线,Dist5,Sta168,10号线,Dist5,48
Sta135,10号线,Dist5,Sta75,10号线,Dist5,48
Sta49,1号线,Dist3,Sta1,1号线,Dist1,49
Sta36,11号线,Dist10,Sta46,11号线,Dist8,49
Sta122,11号线,Dist10,Sta3,11号线,Dist6,49
Sta1,1号线,Dist1,Sta149,1号线,Dist3,49
Sta86,11号线,Dist8,Sta45,11号线,Dist5,49
Sta163,2号线,Dist1,Sta24,2号线,Dist6,49
Sta152,11号线,Dist1,Sta124,11号线,Dist10,49
Sta133,3号线,Dist6,Sta113,3号线,Dist5,49
Sta124,11号线,Dist10,Sta164,11号线,Dist5,49
Sta25,11号线,Dist6,Sta82,11号线,Dist5,50
Sta143,3号线,Dist7,Sta126,3号线,Dist1,50
Sta44,3号线,Dist5,Sta41,3号线,Dist6,50
Sta8,10号线,Dist5,Sta157,10号线,Dist8,50
Sta100,3号线,Dist5,Sta121,3号线,Dist5,50
Sta17,12号线,Dist8,Sta60,12号线,Dist2,50
Sta113,3号线,Dist5,Sta21,3号线,Dist7,50
Sta138,3号线,Dist6,Sta158,3号线,Dist5,50
Sta66,3号线,Dist7,Sta100,3号线,Dist5,50
Sta13,11号线,Dist5,Sta120,11号线,Dist6,50
Sta168,10号线,Dist5,Sta102,10号线,Dist5,50
Sta141,3号线,Dist5,Sta133,3号线,Dist6,50
Sta140,11号线,Dist5,Sta25,11号线,Dist6,50
Sta39,3号线,Dist5,Sta153,3号线,Dist5,50
Sta9,2号线,Dist1,Sta24,2号线,Dist6,50
Sta144,3号线,Dist6,Sta117,3号线,Dist5,50
Sta130,11号线,Dist6,Sta13,11号线,Dist5,50
Sta25,11号线,Dist6,Sta77,11号线,Dist10,51
Sta119,3号线,Dist7,Sta100,3号线,Dist5,51
Sta143,3号线,Dist7,Sta29,3号线,Dist8,51
Sta26,12号线,Dist5,Sta73,12号线,Dist2,51
Sta63,11号线,Dist1,Sta36,11号线,Dist10,51
Sta124,11号线,Dist10,Sta162,11号线,Dist5,51
Sta42,3号线,Dist5,Sta144,3号线,Dist6,51
Sta67,3号线,Dist6,Sta147,3号线,Dist5,51
Sta101,12号线,Dist8,Sta91,12号线,Dist6,51
Sta135,10号线,Dist5,Sta102,10号线,Dist5,51
Sta164,11号线,Dist5,Sta3,11号线,Dist6,51
Sta111,11号线,Dist5,Sta25,11号线,Dist6,51
Sta156,3号线,Dist7,Sta40,3号线,Dist5,52
Sta158,3号线,Dist5,Sta22,3号线,Dist6,52
Sta140,11号线,Dist5,Sta130,11号线,Dist6,52
Sta133,3号线,Dist6,Sta142,3号线,Dist5,52
Sta99,11号线,Dist10,Sta15,11号线,Dist8,52
Sta131,3号线,Dist5,Sta61,3号线,Dist7,52
Sta33,3号线,Dist5,Sta126,3号线,Dist1,52
Sta119,3号线,Dist7,Sta39,3号线,Dist5,52
Sta40,3号线,Dist5,Sta153,3号线,Dist5,52
Sta31,12号线,Dist8,Sta60,12号线,Dist2,52
Sta153,3号线,Dist5,Sta131,3号线,Dist5,52
Sta11,3号线,Dist5,Sta113,3号线,Dist5,52
Sta141,3号线,Dist5,Sta161,3号线,Dist7,53
Sta131,3号线,Dist5,Sta50,3号线,Dist7,53
Sta137,12号线,Dist3,Sta32,12号线,Dist6,53
Sta86,11号线,Dist8,Sta152,11号线,Dist1,53
Sta142,3号线,Dist5,Sta21,3号线,Dist7,53
Sta51,2号线,Dist7,Sta79,2号线,Dist1,53
Sta28,11号线,Dist10,Sta162,11号线,Dist5,53
Sta17,12号线,Dist8,Sta148,12号线,Dist2,53
Sta146,11号线,Dist6,Sta140,11号线,Dist5,53
Sta82,11号线,Dist5,Sta146,11号线,Dist6,53
Sta67,3号线,Dist6,Sta42,3号线,Dist5,53
Sta63,11号线,Dist1,Sta45,11号线,Dist5,53
Sta136,12号线,Dist3,Sta116,12号线,Dist6,53
Sta130,11号线,Dist6,Sta111,11号线,Dist5,53
Sta75,10号线,Dist5,Sta157,10号线,Dist8,53
Sta3,11号线,Dist6,Sta152,11号线,Dist1,53
Sta21,3号线,Dist7,Sta141,3号线,Dist5,53
Sta91,12号线,Dist6,Sta137,12号线,Dist3,53
Sta51,2号线,Dist7,Sta78,2号线,Dist1,53
Sta139,2号线,Dist5,Sta78,2号线,Dist1,53
Sta99,11号线,Dist10,Sta86,11号线,Dist8,54
Sta113,3号线,Dist5,Sta12,3号线,Dist7,54
Sta130,11号线,Dist6,Sta82,11号线,Dist5,54
Sta39,3号线,Dist5,Sta121,3号线,Dist5,54
Sta30,3号线,Dist6,Sta147,3号线,Dist5,54
Sta78,2号线,Dist1,Sta105,2号线,Dist4,54
Sta28,11号线,Dist10,Sta45,11号线,Dist5,54
Sta120,11号线,Dist6,Sta111,11号线,Dist5,54
Sta40,3号线,Dist5,Sta143,3号线,Dist7,55
Sta50,3号线,Dist7,Sta39,3号线,Dist5,55
Sta138,3号线,Dist6,Sta44,3号线,Dist5,55
Sta129,2号线,Dist1,Sta24,2号线,Dist6,55
Sta122,11号线,Dist10,Sta25,11号线,Dist6,55
Sta167,3号线,Dist5,Sta66,3号线,Dist7,55
Sta167,3号线,Dist5,Sta119,3号线,Dist7,55
Sta166,11号线,Dist10,Sta46,11号线,Dist8,55
Sta35,3号线,Dist5,Sta144,3号线,Dist6,55
Sta44,3号线,Dist5,Sta22,3号线,Dist6,55
Sta3,11号线,Dist6,Sta36,11号线,Dist10,55
Sta77,11号线,Dist10,Sta46,11号线,Dist8,55
Sta73,12号线,Dist2,Sta17,12号线,Dist8,56
Sta121,3号线,Dist5,Sta131,3号线,Dist5,56
Sta39,3号线,Dist5,Sta61,3号线,Dist7,56
Sta63,11号线,Dist1,Sta166,11号线,Dist10,56
Sta136,12号线,Dist3,Sta32,12号线,Dist6,56
Sta147,3号线,Dist5,Sta41,3号线,Dist6,56
Sta82,11号线,Dist5,Sta120,11号线,Dist6,56
Sta102,10号线,Dist5,Sta114,10号线,Dist5,56
Sta105,2号线,Dist4,Sta9,2号线,Dist1,56
Sta158,3号线,Dist5,Sta133,3号线,Dist6,56
Sta33,3号线,Dist5,Sta29,3号线,Dist8,56
Sta117,3号线,Dist5,Sta41,3号线,Dist6,56
Sta45,11号线,Dist5,Sta3,11号线,Dist6,56
Sta100,3号线,Dist5,Sta11,3号线,Dist5,56
Sta50,3号线,Dist7,Sta100,3号线,Dist5,56
Sta148,12号线,Dist2,Sta31,12号线,Dist8,56
Sta138,3号线,Dist6,Sta117,3号线,Dist5,56
Sta140,11号线,Dist5,Sta120,11号线,Dist6,56
Sta161,3号线,Dist7,Sta142,3号线,Dist5,57
Sta67,3号线,Dist6,Sta35,3号线,Dist5,57
Sta167,3号线,Dist5,Sta50,3号线,Dist7,57
Sta15,11号线,Dist8,Sta124,11号线,Dist10,57
Sta105,2号线,Dist4,Sta163,2号线,Dist1,57
Sta146,11号线,Dist6,Sta77,11号线,Dist10,57
Sta11,3号线,Dist5,Sta39,3号线,Dist5,57
Sta146,11号线,Dist6,Sta164,11号线,Dist5,57
Sta77,11号线,Dist10,Sta3,11号线,Dist6,57
Sta146,11号线,Dist6,Sta152,11号线,Dist1,58
Sta28,11号线,Dist10,Sta15,11号线,Dist8,58
Sta158,3号线,Dist5,Sta21,3号线,Dist7,58
Sta156,3号线,Dist7,Sta39,3号线,Dist5,58
Sta51,2号线,Dist7,Sta129,2号线,Dist1,58
Sta125,3号线,Dist5,Sta40,3号线,Dist5,58
Sta156,3号线,Dist7,Sta131,3号线,Dist5,58
Sta164,11号线,Dist5,Sta130,11号线,Dist6,58
Sta129,2号线,Dist1,Sta105,2号线,Dist4,59
Sta77,11号线,Dist10,Sta120,11号线,Dist6,59
Sta21,3号线,Dist7,Sta44,3号线,Dist5,59
Sta22,3号线,Dist6,Sta117,3号线,Dist5,59
Sta133,3号线,Dist6,Sta44,3号线,Dist5,59
Sta53,2号线,Dist1,Sta51,2号线,Dist7,59
Sta86,11号线,Dist8,Sta166,11号线,Dist10,59
Sta164,11号线,Dist5,Sta25,11号线,Dist6,59
Sta42,3号线,Dist5,Sta41,3号线,Dist6,60
Sta124,11号线,Dist10,Sta86,11号线,Dist8,60
Sta42,3号线,Dist5,Sta138,3号线,Dist6,60
Sta100,3号线,Dist5,Sta156,3号线,Dist7,60
Sta12,3号线,Dist7,Sta142,3号线,Dist5,60
Sta141,3号线,Dist5,Sta66,3号线,Dist7,60
Sta158,3号线,Dist5,Sta161,3号线,Dist7,60
Sta36,11号线,Dist10,Sta25,11号线,Dist6,60
Sta122,11号线,Dist10,Sta130,11号线,Dist6,60
Sta30,3号线,Dist6,Sta109,3号线,Dist5,61
Sta101,12号线,Dist8,Sta148,12号线,Dist2,61
Sta142,3号线,Dist5,Sta66,3号线,Dist7,61
Sta28,11号线,Dist10,Sta46,11号线,Dist8,61
Sta36,11号线,Dist10,Sta146,11号线,Dist6,61
Sta91,12号线,Dist6,Sta136,12号线,Dist3,61
Sta112,3号线,Dist5,Sta29,3号线,Dist8,61
Sta131,3号线,Dist5,Sta143,3号线,Dist7,61
Sta31,12号线,Dist8,Sta73,12号线,Dist2,61
Sta117,3号线,Dist5,Sta133,3号线,Dist6,61
Sta63,11号线,Dist1,Sta124,11号线,Dist10,62
Sta61,3号线,Dist7,Sta167,3号线,Dist5,62
Sta120,11号线,Dist6,Sta122,11号线,Dist10,62
Sta44,3号线,Dist5,Sta161,3号线,Dist7,62
Sta141,3号线,Dist5,Sta119,3号线,Dist7,62
Sta157,10号线,Dist8,Sta102,10号线,Dist5,62
Sta11,3号线,Dist5,Sta131,3号线,Dist5,62
Sta77,11号线,Dist10,Sta130,11号线,Dist6,62
Sta73,12号线,Dist2,Sta101,12号线,Dist8,62
Sta3,11号线,Dist6,Sta166,11号线,Dist10,62
Sta99,11号线,Dist10,Sta3,11号线,Dist6,63
Sta86,11号线,Dist8,Sta28,11号线,Dist10,63
Sta11,3号线,Dist5,Sta40,3号线,Dist5,63
Sta152,11号线,Dist1,Sta25,11号线,Dist6,63
Sta146,11号线,Dist6,Sta45,11号线,Dist5,63
Sta156,3号线,Dist7,Sta167,3号线,Dist5,64
Sta143,3号线,Dist7,Sta39,3号线,Dist5,64
Sta29,3号线,Dist8,Sta125,3号线,Dist5,64
Sta113,3号线,Dist5,Sta119,3号线,Dist7,64
Sta166,11号线,Dist10,Sta15,11号线,Dist8,64
Sta11,3号线,Dist5,Sta126,3号线,Dist1,65
Sta158,3号线,Dist5,Sta12,3号线,Dist7,65
Sta46,11号线,Dist8,Sta124,11号线,Dist10,65
Sta22,3号线,Dist6,Sta42,3号线,Dist5,65
Sta25,11号线,Dist6,Sta45,11号线,Dist5,65
Sta113,3号线,Dist5,Sta50,3号线,Dist7,65
Sta119,3号线,Dist7,Sta142,3号线,Dist5,65
Sta67,3号线,Dist6,Sta33,3号线,Dist5,66
Sta120,11号线,Dist6,Sta36,11号线,Dist10,66
Sta11,3号线,Dist5,Sta29,3号线,Dist8,66
Sta66,3号线,Dist7,Sta113,3号线,Dist5,66
Sta130,11号线,Dist6,Sta152,11号线,Dist1,66
Sta60,12号线,Dist2,Sta136,12号线,Dist3,66
Sta152,11号线,Dist1,Sta120,11号线,Dist6,66
Sta138,3号线,Dist6,Sta147,3号线,Dist5,66
Sta119,3号线,Dist7,Sta44,3号线,Dist5,67
Sta164,11号线,Dist5,Sta120,11号线,Dist6,67
Sta100,3号线,Dist5,Sta143,3号线,Dist7,67
Sta141,3号线,Dist5,Sta50,3号线,Dist7,67
Sta22,3号线,Dist6,Sta35,3号线,Dist5,67
Sta124,11号线,Dist10,Sta3,11号线,Dist6,67
Sta117,3号线,Dist5,Sta21,3号线,Dist7,67
Sta22,3号线,Dist6,Sta147,3号线,Dist5,67
Sta141,3号线,Dist5,Sta61,3号线,Dist7,68
Sta35,3号线,Dist5,Sta138,3号线,Dist6,68
Sta158,3号线,Dist5,Sta66,3号线,Dist7,68
Sta112,3号线,Dist5,Sta30,3号线,Dist6,68
Sta25,11号线,Dist6,Sta99,11号线,Dist10,68
Sta109,3号线,Dist5,Sta138,3号线,Dist6,68
Sta147,3号线,Dist5,Sta133,3号线,Dist6,68
Sta146,11号线,Dist6,Sta166,11号线,Dist10,68
Sta36,11号线,Dist10,Sta130,11号线,Dist6,69
Sta42,3号线,Dist5,Sta21,3号线,Dist7,70
Sta143,3号线,Dist7,Sta167,3号线,Dist5,70
Sta12,3号线,Dist7,Sta117,3号线,Dist5,70
Sta33,3号线,Dist5,Sta30,3号线,Dist6,70
Sta119,3号线,Dist7,Sta158,3号线,Dist5,70
Sta141,3号线,Dist5,Sta156,3号线,Dist7,71
Sta3,11号线,Dist6,Sta28,11号线,Dist10,71
Sta109,3号线,Dist5,Sta22,3号线,Dist6,71
Sta117,3号线,Dist5,Sta161,3号线,Dist7,71
Sta130,11号线,Dist6,Sta166,11号线,Dist10,71
Sta21,3号线,Dist7,Sta35,3号线,Dist5,71
Sta119,3号线,Dist7,Sta117,3号线,Dist5,72
Sta144,3号线,Dist6,Sta33,3号线,Dist5,72
Sta136,12号线,Dist3,Sta73,12号线,Dist2,72
Sta153,3号线,Dist5,Sta30,3号线,Dist6,73
Sta158,3号线,Dist5,Sta50,3号线,Dist7,73
Sta61,3号线,Dist7,Sta158,3号线,Dist5,73
Sta143,3号线,Dist7,Sta141,3号线,Dist5,73
Sta12,3号线,Dist7,Sta147,3号线,Dist5,73
Sta25,11号线,Dist6,Sta124,11号线,Dist10,73
Sta67,3号线,Dist6,Sta125,3号线,Dist5,74
Sta112,3号线,Dist5,Sta41,3号线,Dist6,74
Sta12,3号线,Dist7,Sta42,3号线,Dist5,74
Sta33,3号线,Dist5,Sta41,3号线,Dist6,74
Sta113,3号线,Dist5,Sta156,3号线,Dist7,74
Sta137,12号线,Dist3,Sta148,12号线,Dist2,74
Sta142,3号线,Dist5,Sta156,3号线,Dist7,75
Sta144,3号线,Dist6,Sta121,3号线,Dist5,75
Sta25,11号线,Dist6,Sta28,11号线,Dist10,75
Sta133,3号线,Dist6,Sta109,3号线,Dist5,75
Sta61,3号线,Dist7,Sta113,3号线,Dist5,75
Sta60,12号线,Dist2,Sta137,12号线,Dist3,75
Sta66,3号线,Dist7,Sta117,3号线,Dist5,75
Sta44,3号线,Dist5,Sta61,3号线,Dist7,76
Sta146,11号线,Dist6,Sta28,11号线,Dist10,76
Sta42,3号线,Dist5,Sta66,3号线,Dist7,76
Sta44,3号线,Dist5,Sta50,3号线,Dist7,77
Sta142,3号线,Dist5,Sta143,3号线,Dist7,77
Sta161,3号线,Dist7,Sta35,3号线,Dist5,77
Sta144,3号线,Dist6,Sta125,3号线,Dist5,77
Sta12,3号线,Dist7,Sta35,3号线,Dist5,78
Sta130,11号线,Dist6,Sta28,11号线,Dist10,78
Sta35,3号线,Dist5,Sta66,3号线,Dist7,78
Sta42,3号线,Dist5,Sta119,3号线,Dist7,79
Sta120,11号线,Dist6,Sta124,11号线,Dist10,79
Sta109,3号线,Dist5,Sta12,3号线,Dist7,80
Sta67,3号线,Dist6,Sta11,3号线,Dist5,80
Sta50,3号线,Dist7,Sta147,3号线,Dist5,80
Sta113,3号线,Dist5,Sta143,3号线,Dist7,80
Sta35,3号线,Dist5,Sta133,3号线,Dist6,80
Sta61,3号线,Dist7,Sta117,3号线,Dist5,80
Sta120,11号线,Dist6,Sta28,11号线,Dist10,81
Sta21,3号线,Dist7,Sta33,3号线,Dist5,81
Sta153,3号线,Dist5,Sta41,3号线,Dist6,81
Sta158,3号线,Dist5,Sta143,3号线,Dist7,81
Sta112,3号线,Dist5,Sta138,3号线,Dist6,81
Sta33,3号线,Dist5,Sta138,3号线,Dist6,81
Sta41,3号线,Dist6,Sta121,3号线,Dist5,82
Sta112,3号线,Dist5,Sta161,3号线,Dist7,82
Sta44,3号线,Dist5,Sta156,3号线,Dist7,82
Sta158,3号线,Dist5,Sta156,3号线,Dist7,82
Sta21,3号线,Dist7,Sta109,3号线,Dist5,82
Sta117,3号线,Dist5,Sta50,3号线,Dist7,82
Sta11,3号线,Dist5,Sta144,3号线,Dist6,82
Sta153,3号线,Dist5,Sta133,3号线,Dist6,83
Sta11,3号线,Dist5,Sta30,3号线,Dist6,83
Sta138,3号线,Dist6,Sta153,3号线,Dist5,83
Sta133,3号线,Dist6,Sta112,3号线,Dist5,83
Sta66,3号线,Dist7,Sta147,3号线,Dist5,83
Sta125,3号线,Dist5,Sta41,3号线,Dist6,84
Sta41,3号线,Dist6,Sta11,3号线,Dist5,84
Sta124,11号线,Dist10,Sta146,11号线,Dist6,84
Sta119,3号线,Dist7,Sta35,3号线,Dist5,84
Sta147,3号线,Dist5,Sta119,3号线,Dist7,84
Sta50,3号线,Dist7,Sta35,3号线,Dist5,84
Sta61,3号线,Dist7,Sta42,3号线,Dist5,85
Sta147,3号线,Dist5,Sta156,3号线,Dist7,86
Sta125,3号线,Dist5,Sta138,3号线,Dist6,86
Sta22,3号线,Dist6,Sta121,3号线,Dist5,87
Sta12,3号线,Dist7,Sta112,3号线,Dist5,87
Sta112,3号线,Dist5,Sta22,3号线,Dist6,87
Sta147,3号线,Dist5,Sta61,3号线,Dist7,87
Sta156,3号线,Dist7,Sta117,3号线,Dist5,88
Sta11,3号线,Dist5,Sta22,3号线,Dist6,88
Sta61,3号线,Dist7,Sta35,3号线,Dist5,89
Sta11,3号线,Dist5,Sta138,3号线,Dist6,89
Sta124,11号线,Dist10,Sta130,11号线,Dist6,89
Sta138,3号线,Dist6,Sta121,3号线,Dist5,89
Sta109,3号线,Dist5,Sta66,3号线,Dist7,90
Sta143,3号线,Dist7,Sta44,3号线,Dist5,90
Sta143,3号线,Dist7,Sta42,3号线,Dist5,91
Sta125,3号线,Dist5,Sta21,3号线,Dist7,91
Sta153,3号线,Dist5,Sta66,3号线,Dist7,92
Sta156,3号线,Dist7,Sta35,3号线,Dist5,92
Sta117,3号线,Dist5,Sta143,3号线,Dist7,92
Sta109,3号线,Dist5,Sta61,3号线,Dist7,92
Sta35,3号线,Dist5,Sta143,3号线,Dist7,94
Sta109,3号线,Dist5,Sta156,3号线,Dist7,95
Sta161,3号线,Dist7,Sta11,3号线,Dist5,96
Sta125,3号线,Dist5,Sta161,3号线,Dist7,96
Sta12,3号线,Dist7,Sta153,3号线,Dist5,97
Sta112,3号线,Dist5,Sta119,3号线,Dist7,97
Sta22,3号线,Dist6,Sta125,3号线,Dist5,97
Sta125,3号线,Dist5,Sta12,3号线,Dist7,98
Sta50,3号线,Dist7,Sta112,3号线,Dist5,98
Sta109,3号线,Dist5,Sta119,3号线,Dist7,98
Sta61,3号线,Dist7,Sta112,3号线,Dist5,99
Sta153,3号线,Dist5,Sta50,3号线,Dist7,100
Sta21,3号线,Dist7,Sta121,3号线,Dist5,100
Sta133,3号线,Dist6,Sta125,3号线,Dist5,100
Sta66,3号线,Dist7,Sta121,3号线,Dist5,101
Sta12,3号线,Dist7,Sta121,3号线,Dist5,101
Sta12,3号线,Dist7,Sta11,3号线,Dist5,101
Sta11,3号线,Dist5,Sta21,3号线,Dist7,101
Sta153,3号线,Dist5,Sta119,3号线,Dist7,102
Sta125,3号线,Dist5,Sta61,3号线,Dist7,103
Sta133,3号线,Dist6,Sta11,3号线,Dist5,103
Sta109,3号线,Dist5,Sta143,3号线,Dist7,104
Sta66,3号线,Dist7,Sta112,3号线,Dist5,104
Sta153,3号线,Dist5,Sta161,3号线,Dist7,104
Sta119,3号线,Dist7,Sta121,3号线,Dist5,105
Sta161,3号线,Dist7,Sta33,3号线,Dist5,105
Sta33,3号线,Dist5,Sta156,3号线,Dist7,107
Sta153,3号线,Dist5,Sta61,3号线,Dist7,107
Sta50,3号线,Dist7,Sta125,3号线,Dist5,108
Sta156,3号线,Dist7,Sta112,3号线,Dist5,108
Sta121,3号线,Dist5,Sta156,3号线,Dist7,109
Sta125,3号线,Dist5,Sta119,3号线,Dist7,109
Sta11,3号线,Dist5,Sta119,3号线,Dist7,109
Sta50,3号线,Dist7,Sta121,3号线,Dist5,111
Sta153,3号线,Dist5,Sta156,3号线,Dist7,111
Sta125,3号线,Dist5,Sta156,3号线,Dist7,112
Sta11,3号线,Dist5,Sta50,3号线,Dist7,113
Sta161,3号线,Dist7,Sta121,3号线,Dist5,113
Sta11,3号线,Dist5,Sta61,3号线,Dist7,114
Sta153,3号线,Dist5,Sta143,3号线,Dist7,114
Sta143,3号线,Dist7,Sta121,3号线,Dist5,115
Sta11,3号线,Dist5,Sta156,3号线,Dist7,115
Sta125,3号线,Dist5,Sta143,3号线,Dist7,117
Sta33,3号线,Dist5,Sta61,3号线,Dist7,120
Sta11,3号线,Dist5,Sta143,3号线,Dist7,123
Sta66,3号线,Dist7,Sta44,3号线,Dist5,186
